ProductID,ProductName,Category,Price,StockQuantity,Rating,Brand,Seller,DateAdded
1,Nike Air Max 270,Footwear,17148.74,109,4.0,Nike,Laptop Hub,2020-07-10
2,Amazon Echo Dot,Smart Home Devices,116506.93,297,3.3,Amazon,Audio World,2022-05-19
3,Canon EOS 1500D,Cameras,9940.69,297,4.0,Canon,Sports Zone,2023-02-17
4,Apple iPhone 13,Mobile Phones,12067.76,385,3.8,Apple,XYZ Electronics,2022-07-22
5,Nike Air Max 270,Footwear,73951.13,195,4.8,Nike,TV World,2020-11-03
6,Samsung 55-inch 4K TV,Televisions,107595.7,123,3.3,Samsung,Sports Zone,2023-12-14
7,Samsung Galaxy M31,Mobile Phones,106010.22,914,3.2,Samsung,ABC Retailers,2021-06-19
8,Fitbit Charge 4,Wearable Technology,119185.56,619,3.4,Fitbit,ABC Retailers,2020-02-14
9,Canon EOS 1500D,Cameras,39553.25,831,3.8,Canon,XYZ Electronics,2021-01-19
10,Samsung 55-inch 4K TV,Televisions,19166.86,230,4.3,Samsung,Camera Store,2022-10-26
11,Fitbit Charge 4,Wearable Technology,2040.81,626,3.8,Fitbit,Sports Zone,2021-07-23
12,Samsung Galaxy M31,Mobile Phones,25838.77,238,4.4,Samsung,Sports Zone,2023-05-21
13,Sony WH-1000XM4,Headphones,72266.09,593,4.2,Sony,TV World,2022-06-16
14,Samsung Galaxy M31,Mobile Phones,108097.7,822,4.0,Samsung,Health Gear,2020-10-27
15,Adidas Ultraboost,Footwear,90365.59,847,3.0,Adidas,Camera Store,2020-11-09
16,Nike Air Max 270,Footwear,6586.21,455,3.3,Nike,Sports Zone,2023-12-13
17,Apple iPhone 13,Mobile Phones,88339.26,104,4.9,Apple,Sports Zone,2023-04-25
18,Dell XPS 15,Laptops,54777.04,596,4.2,Dell,Sports Zone,2023-11-17
19,Sony WH-1000XM4,Headphones,141616.3,629,4.4,Sony,Audio World,2021-06-13
20,Fitbit Charge 4,Wearable Technology,116277.8,137,4.5,Fitbit,Sports Zone,2023-12-06
21,Canon EOS 1500D,Cameras,68699.17,155,4.6,Canon,Camera Store,2023-02-07
22,Samsung Galaxy M31,Mobile Phones,8899.99,76,3.3,Samsung,TV World,2020-05-23
23,Canon EOS 1500D,Cameras,12093.87,778,3.7,Canon,Sports Zone,2021-09-05
24,Dell XPS 15,Laptops,32652.41,244,3.0,Dell,ABC Retailers,2023-10-22
25,Adidas Ultraboost,Footwear,128329.0,97,4.0,Adidas,Health Gear,2022-06-05
26,Sony WH-1000XM4,Headphones,82165.4,982,4.6,Sony,XYZ Electronics,2020-04-09
27,Adidas Ultraboost,Footwear,42791.18,678,3.9,Adidas,Sports Zone,2023-07-20
28,Canon EOS 1500D,Cameras,33816.79,438,4.8,Canon,TV World,2023-05-25
29,Samsung Galaxy M31,Mobile Phones,21458.92,157,4.3,Samsung,ABC Retailers,2021-05-23
30,Apple iPhone 13,Mobile Phones,40771.23,995,3.2,Apple,ABC Retailers,2021-02-27
31,Fitbit Charge 4,Wearable Technology,56377.41,258,4.2,Fitbit,Camera Store,2022-03-26
32,Fitbit Charge 4,Wearable Technology,136280.12,928,4.1,Fitbit,Sports Zone,2022-03-11
33,Amazon Echo Dot,Smart Home Devices,56359.8,556,3.8,Amazon,ABC Retailers,2020-02-03
34,Amazon Echo Dot,Smart Home Devices,26307.9,994,3.1,Amazon,TV World,2023-05-19
35,Sony WH-1000XM4,Headphones,77229.62,958,4.7,Sony,Camera Store,2020-01-06
36,Canon EOS 1500D,Cameras,141084.17,197,4.4,Canon,Gadget Shop,2022-06-16
37,Fitbit Charge 4,Wearable Technology,143237.44,839,3.7,Fitbit,Laptop Hub,2021-02-24
38,Adidas Ultraboost,Footwear,63209.97,437,3.9,Adidas,Sports Zone,2023-07-05
39,Adidas Ultraboost,Footwear,134039.42,447,3.5,Adidas,TV World,2023-10-28
40,Samsung 55-inch 4K TV,Televisions,45597.32,781,4.7,Samsung,TV World,2021-02-21
41,Fitbit Charge 4,Wearable Technology,63407.14,540,4.9,Fitbit,Sports Zone,2021-04-26
42,Samsung 55-inch 4K TV,Televisions,15632.05,86,4.2,Samsung,Health Gear,2021-05-11
43,Sony WH-1000XM4,Headphones,38182.68,478,3.0,Sony,Gadget Shop,2022-12-14
44,Amazon Echo Dot,Smart Home Devices,51317.62,154,3.1,Amazon,Camera Store,2020-06-05
45,Nike Air Max 270,Footwear,13554.38,298,4.4,Nike,Laptop Hub,2020-01-23
46,Canon EOS 1500D,Cameras,30542.69,759,3.5,Canon,Camera Store,2021-10-03
47,Fitbit Charge 4,Wearable Technology,138167.94,907,4.4,Fitbit,ABC Retailers,2021-05-18
48,Fitbit Charge 4,Wearable Technology,129106.27,502,3.0,Fitbit,Gadget Shop,2022-02-28
49,Nike Air Max 270,Footwear,75252.19,656,4.4,Nike,Camera Store,2023-04-04
50,Fitbit Charge 4,Wearable Technology,44982.84,168,3.6,Fitbit,Sports Zone,2020-03-03
51,Sony WH-1000XM4,Headphones,74094.82,126,4.9,Sony,XYZ Electronics,2023-09-22
52,Sony WH-1000XM4,Headphones,89435.44,587,4.8,Sony,Audio World,2022-04-01
53,Amazon Echo Dot,Smart Home Devices,99502.02,907,3.7,Amazon,Gadget Shop,2021-03-10
54,Dell XPS 15,Laptops,118752.65,356,4.0,Dell,ABC Retailers,2020-09-16
55,Nike Air Max 270,Footwear,23212.05,466,3.5,Nike,ABC Retailers,2021-11-19
56,Adidas Ultraboost,Footwear,130456.41,479,3.9,Adidas,Health Gear,2021-06-07
57,Sony WH-1000XM4,Headphones,91097.63,155,3.1,Sony,Camera Store,2022-04-25
58,Samsung Galaxy M31,Mobile Phones,103470.4,894,5.0,Samsung,Sports Zone,2022-07-16
59,Amazon Echo Dot,Smart Home Devices,146928.59,141,3.7,Amazon,Gadget Shop,2022-05-17
60,Samsung 55-inch 4K TV,Televisions,63098.12,976,4.3,Samsung,Sports Zone,2020-02-08
61,Samsung Galaxy M31,Mobile Phones,25303.41,786,4.6,Samsung,Sports Zone,2023-01-08
62,Adidas Ultraboost,Footwear,12746.13,144,4.5,Adidas,Health Gear,2023-06-09
63,Amazon Echo Dot,Smart Home Devices,139278.67,449,4.7,Amazon,Camera Store,2020-10-16
64,Adidas Ultraboost,Footwear,82465.48,886,3.3,Adidas,Sports Zone,2022-07-02
65,Amazon Echo Dot,Smart Home Devices,89423.16,530,3.5,Amazon,Camera Store,2021-08-09
66,Sony WH-1000XM4,Headphones,135319.29,844,3.5,Sony,Camera Store,2020-05-07
67,Dell XPS 15,Laptops,21043.63,743,4.5,Dell,Camera Store,2023-11-07
68,Apple iPhone 13,Mobile Phones,20196.49,837,3.0,Apple,Gadget Shop,2020-09-10
69,Samsung Galaxy M31,Mobile Phones,90801.2,699,3.9,Samsung,Sports Zone,2020-10-08
70,Dell XPS 15,Laptops,136744.46,403,3.3,Dell,Laptop Hub,2023-05-04
71,Samsung 55-inch 4K TV,Televisions,5518.78,703,3.2,Samsung,Camera Store,2023-09-16
72,Canon EOS 1500D,Cameras,28070.42,85,4.7,Canon,Sports Zone,2021-06-07
73,Adidas Ultraboost,Footwear,23154.43,653,4.4,Adidas,Sports Zone,2020-04-17
74,Dell XPS 15,Laptops,60657.38,85,3.9,Dell,Health Gear,2023-09-03
75,Samsung 55-inch 4K TV,Televisions,140624.85,364,4.1,Samsung,Gadget Shop,2021-09-15
76,Samsung 55-inch 4K TV,Televisions,142064.13,90,4.4,Samsung,Audio World,2022-02-15
77,Fitbit Charge 4,Wearable Technology,39644.28,541,4.7,Fitbit,Audio World,2023-12-04
78,Apple iPhone 13,Mobile Phones,61731.82,658,4.9,Apple,Sports Zone,2021-08-01
79,Nike Air Max 270,Footwear,147622.81,670,4.0,Nike,Sports Zone,2022-09-03
80,Apple iPhone 13,Mobile Phones,105418.08,517,3.3,Apple,Camera Store,2022-10-06
81,Apple iPhone 13,Mobile Phones,78310.42,293,3.3,Apple,ABC Retailers,2022-04-11
82,Canon EOS 1500D,Cameras,88046.57,398,5.0,Canon,Camera Store,2023-08-03
83,Nike Air Max 270,Footwear,137019.02,391,4.9,Nike,Audio World,2023-10-21
84,Sony WH-1000XM4,Headphones,74687.92,333,4.6,Sony,Sports Zone,2021-06-17
85,Amazon Echo Dot,Smart Home Devices,85278.69,869,4.3,Amazon,XYZ Electronics,2023-10-22
86,Nike Air Max 270,Footwear,34672.46,509,4.0,Nike,Sports Zone,2023-07-08
87,Dell XPS 15,Laptops,47964.48,544,3.5,Dell,Audio World,2020-03-05
88,Adidas Ultraboost,Footwear,86431.78,737,3.6,Adidas,Health Gear,2022-10-10
89,Canon EOS 1500D,Cameras,39381.65,499,3.1,Canon,Sports Zone,2020-10-11
90,Apple iPhone 13,Mobile Phones,25180.99,954,4.7,Apple,TV World,2021-07-27
91,Adidas Ultraboost,Footwear,91019.95,528,4.8,Adidas,TV World,2020-05-10
92,Adidas Ultraboost,Footwear,94328.84,318,3.6,Adidas,Audio World,2022-11-23
93,Fitbit Charge 4,Wearable Technology,46872.49,480,4.9,Fitbit,Laptop Hub,2020-03-08
94,Samsung 55-inch 4K TV,Televisions,127242.73,87,3.4,Samsung,Sports Zone,2021-06-05
95,Samsung 55-inch 4K TV,Televisions,83050.29,845,3.7,Samsung,TV World,2021-10-02
96,Sony WH-1000XM4,Headphones,77643.67,136,3.5,Sony,Camera Store,2020-11-15
97,Sony WH-1000XM4,Headphones,67349.97,604,3.2,Sony,Health Gear,2020-08-17
98,Apple iPhone 13,Mobile Phones,38658.71,545,4.0,Apple,Audio World,2023-12-24
99,Dell XPS 15,Laptops,114255.62,966,3.1,Dell,Sports Zone,2023-10-01
100,Adidas Ultraboost,Footwear,53358.79,719,3.4,Adidas,Audio World,2023-03-10
101,Nike Air Max 270,Footwear,118387.44,356,4.2,Nike,Laptop Hub,2021-07-11
102,Fitbit Charge 4,Wearable Technology,87059.33,83,4.3,Fitbit,XYZ Electronics,2020-12-27
103,Sony WH-1000XM4,Headphones,5002.86,158,3.3,Sony,Sports Zone,2023-01-06
104,Fitbit Charge 4,Wearable Technology,82435.48,978,3.4,Fitbit,Health Gear,2022-08-03
105,Apple iPhone 13,Mobile Phones,133494.46,687,3.3,Apple,Sports Zone,2020-01-09
106,Samsung Galaxy M31,Mobile Phones,149810.68,452,3.6,Samsung,Laptop Hub,2023-03-13
107,Apple iPhone 13,Mobile Phones,7165.16,484,4.3,Apple,Camera Store,2023-11-11
108,Dell XPS 15,Laptops,40113.56,581,4.0,Dell,Gadget Shop,2021-12-08
109,Fitbit Charge 4,Wearable Technology,122420.93,613,4.4,Fitbit,Camera Store,2022-07-16
110,Amazon Echo Dot,Smart Home Devices,89049.86,248,4.8,Amazon,Sports Zone,2020-02-18
111,Dell XPS 15,Laptops,139665.81,464,3.6,Dell,Sports Zone,2022-07-02
112,Adidas Ultraboost,Footwear,65187.89,598,4.6,Adidas,Audio World,2022-04-16
113,Apple iPhone 13,Mobile Phones,58990.74,182,4.9,Apple,XYZ Electronics,2022-02-19
114,Sony WH-1000XM4,Headphones,112601.89,283,4.3,Sony,Audio World,2021-07-10
115,Canon EOS 1500D,Cameras,146975.19,192,4.6,Canon,Audio World,2020-11-21
116,Fitbit Charge 4,Wearable Technology,2956.39,967,3.9,Fitbit,ABC Retailers,2020-12-08
117,Samsung Galaxy M31,Mobile Phones,54044.66,480,4.4,Samsung,Sports Zone,2021-12-03
118,Sony WH-1000XM4,Headphones,125666.7,637,3.2,Sony,Sports Zone,2021-04-04
119,Apple iPhone 13,Mobile Phones,79350.15,905,3.7,Apple,Camera Store,2021-11-20
120,Canon EOS 1500D,Cameras,24828.96,463,4.2,Canon,Camera Store,2021-02-08
121,Sony WH-1000XM4,Headphones,29666.86,750,4.5,Sony,ABC Retailers,2022-01-21
122,Sony WH-1000XM4,Headphones,66344.8,538,4.2,Sony,Camera Store,2022-10-10
123,Sony WH-1000XM4,Headphones,145885.59,807,3.7,Sony,Gadget Shop,2022-05-06
124,Dell XPS 15,Laptops,71694.11,244,3.6,Dell,XYZ Electronics,2020-06-11
125,Dell XPS 15,Laptops,34868.22,551,4.8,Dell,ABC Retailers,2022-04-01
126,Fitbit Charge 4,Wearable Technology,109943.62,539,3.8,Fitbit,ABC Retailers,2021-02-22
127,Sony WH-1000XM4,Headphones,95355.35,938,4.0,Sony,XYZ Electronics,2020-04-22
128,Canon EOS 1500D,Cameras,81886.68,675,3.7,Canon,Gadget Shop,2020-09-11
129,Fitbit Charge 4,Wearable Technology,107550.66,84,5.0,Fitbit,XYZ Electronics,2021-11-28
130,Amazon Echo Dot,Smart Home Devices,68348.62,870,4.7,Amazon,Sports Zone,2020-07-16
131,Apple iPhone 13,Mobile Phones,12432.36,728,3.2,Apple,TV World,2020-07-08
132,Dell XPS 15,Laptops,114048.84,653,4.2,Dell,ABC Retailers,2021-12-07
133,Dell XPS 15,Laptops,10202.53,978,3.4,Dell,XYZ Electronics,2020-06-17
134,Dell XPS 15,Laptops,99276.29,312,3.4,Dell,Audio World,2021-04-05
135,Canon EOS 1500D,Cameras,15280.76,182,3.3,Canon,Camera Store,2022-06-09
136,Samsung Galaxy M31,Mobile Phones,31252.92,994,4.1,Samsung,ABC Retailers,2021-03-26
137,Samsung 55-inch 4K TV,Televisions,144809.19,225,4.5,Samsung,Camera Store,2020-07-27
138,Canon EOS 1500D,Cameras,83007.07,241,4.8,Canon,XYZ Electronics,2021-04-21
139,Sony WH-1000XM4,Headphones,32772.45,861,3.1,Sony,Sports Zone,2023-03-01
140,Dell XPS 15,Laptops,69910.63,685,4.8,Dell,XYZ Electronics,2021-04-10
141,Adidas Ultraboost,Footwear,14753.97,140,4.6,Adidas,Audio World,2020-07-12
142,Apple iPhone 13,Mobile Phones,61625.2,584,3.1,Apple,Camera Store,2021-08-28
143,Fitbit Charge 4,Wearable Technology,23365.88,717,3.6,Fitbit,Health Gear,2020-04-06
144,Apple iPhone 13,Mobile Phones,131873.03,899,3.6,Apple,Gadget Shop,2023-05-05
145,Amazon Echo Dot,Smart Home Devices,7193.39,899,4.0,Amazon,ABC Retailers,2021-07-25
146,Dell XPS 15,Laptops,116782.46,452,3.7,Dell,ABC Retailers,2020-07-20
147,Nike Air Max 270,Footwear,27921.76,141,3.8,Nike,Sports Zone,2020-11-20
148,Dell XPS 15,Laptops,39604.18,605,4.5,Dell,Laptop Hub,2021-04-01
149,Sony WH-1000XM4,Headphones,1026.64,619,3.7,Sony,ABC Retailers,2023-12-24
150,Canon EOS 1500D,Cameras,55608.87,781,4.0,Canon,ABC Retailers,2022-10-19
151,Samsung 55-inch 4K TV,Televisions,78871.47,765,4.4,Samsung,Health Gear,2021-03-17
152,Amazon Echo Dot,Smart Home Devices,142724.86,715,3.9,Amazon,TV World,2021-10-08
153,Dell XPS 15,Laptops,97868.59,190,5.0,Dell,TV World,2022-12-20
154,Sony WH-1000XM4,Headphones,91575.32,445,4.5,Sony,TV World,2022-09-17
155,Adidas Ultraboost,Footwear,84392.92,164,3.3,Adidas,Health Gear,2023-12-23
156,Samsung 55-inch 4K TV,Televisions,95463.39,771,4.0,Samsung,Health Gear,2022-11-24
157,Samsung Galaxy M31,Mobile Phones,8451.26,372,3.4,Samsung,Health Gear,2021-12-09
158,Apple iPhone 13,Mobile Phones,60000.77,288,4.0,Apple,XYZ Electronics,2023-11-13
159,Apple iPhone 13,Mobile Phones,138335.62,926,4.1,Apple,Camera Store,2020-09-24
160,Amazon Echo Dot,Smart Home Devices,117605.78,882,4.7,Amazon,ABC Retailers,2023-04-06
161,Nike Air Max 270,Footwear,44958.91,154,4.3,Nike,Sports Zone,2021-03-15
162,Nike Air Max 270,Footwear,13608.79,975,3.2,Nike,XYZ Electronics,2020-05-20
163,Sony WH-1000XM4,Headphones,143721.52,950,4.7,Sony,ABC Retailers,2023-05-20
164,Sony WH-1000XM4,Headphones,101284.67,656,4.9,Sony,Laptop Hub,2023-12-02
165,Amazon Echo Dot,Smart Home Devices,48203.33,323,3.0,Amazon,Sports Zone,2020-08-11
166,Canon EOS 1500D,Cameras,27214.77,520,4.3,Canon,Sports Zone,2023-04-20
167,Nike Air Max 270,Footwear,40832.65,119,4.8,Nike,TV World,2023-03-08
168,Sony WH-1000XM4,Headphones,40124.08,831,4.7,Sony,Gadget Shop,2020-07-02
169,Samsung Galaxy M31,Mobile Phones,115767.42,684,3.4,Samsung,ABC Retailers,2021-12-17
170,Amazon Echo Dot,Smart Home Devices,128165.42,420,4.7,Amazon,Gadget Shop,2021-11-23
171,Amazon Echo Dot,Smart Home Devices,54373.45,164,3.4,Amazon,Audio World,2022-03-11
172,Samsung Galaxy M31,Mobile Phones,2642.83,466,3.8,Samsung,Audio World,2023-08-18
173,Nike Air Max 270,Footwear,27733.71,77,3.7,Nike,Sports Zone,2023-04-25
174,Samsung 55-inch 4K TV,Televisions,56636.08,196,5.0,Samsung,Health Gear,2021-12-10
175,Sony WH-1000XM4,Headphones,58487.22,671,4.0,Sony,XYZ Electronics,2023-11-27
176,Apple iPhone 13,Mobile Phones,147157.37,786,3.7,Apple,XYZ Electronics,2022-07-11
177,Fitbit Charge 4,Wearable Technology,118313.29,315,4.2,Fitbit,Camera Store,2023-04-24
178,Sony WH-1000XM4,Headphones,111473.79,172,3.7,Sony,Audio World,2022-06-16
179,Dell XPS 15,Laptops,52222.45,576,3.4,Dell,ABC Retailers,2022-01-14
180,Canon EOS 1500D,Cameras,78089.92,800,3.7,Canon,Gadget Shop,2023-01-07
181,Canon EOS 1500D,Cameras,132071.76,67,3.0,Canon,Sports Zone,2022-06-01
182,Canon EOS 1500D,Cameras,52397.82,902,4.9,Canon,ABC Retailers,2020-05-01
183,Nike Air Max 270,Footwear,90938.34,607,4.2,Nike,Gadget Shop,2023-01-21
184,Apple iPhone 13,Mobile Phones,139759.22,205,3.1,Apple,Camera Store,2022-08-24
185,Amazon Echo Dot,Smart Home Devices,104158.97,550,4.4,Amazon,Sports Zone,2022-03-14
186,Adidas Ultraboost,Footwear,132659.17,401,3.5,Adidas,Sports Zone,2023-04-14
187,Apple iPhone 13,Mobile Phones,44312.11,501,4.8,Apple,TV World,2023-02-28
188,Canon EOS 1500D,Cameras,69003.57,264,3.1,Canon,Sports Zone,2023-06-06
189,Sony WH-1000XM4,Headphones,8315.45,521,3.1,Sony,Sports Zone,2020-04-20
190,Amazon Echo Dot,Smart Home Devices,21199.06,569,4.7,Amazon,Camera Store,2022-11-28
191,Apple iPhone 13,Mobile Phones,40029.7,717,3.1,Apple,Camera Store,2023-02-23
192,Fitbit Charge 4,Wearable Technology,68140.78,179,3.3,Fitbit,TV World,2020-11-27
193,Dell XPS 15,Laptops,17824.98,343,4.6,Dell,Laptop Hub,2022-04-27
194,Nike Air Max 270,Footwear,124666.13,218,3.4,Nike,XYZ Electronics,2022-10-23
195,Apple iPhone 13,Mobile Phones,93850.77,858,4.5,Apple,ABC Retailers,2022-10-17
196,Sony WH-1000XM4,Headphones,70761.12,304,3.5,Sony,Health Gear,2021-05-19
197,Amazon Echo Dot,Smart Home Devices,66272.47,538,3.0,Amazon,Gadget Shop,2022-09-21
198,Samsung Galaxy M31,Mobile Phones,88382.01,138,4.6,Samsung,Sports Zone,2022-04-03
199,Nike Air Max 270,Footwear,38710.56,658,4.3,Nike,Sports Zone,2020-06-16
200,Apple iPhone 13,Mobile Phones,32701.27,763,4.0,Apple,ABC Retailers,2023-03-15
201,Amazon Echo Dot,Smart Home Devices,104187.74,270,3.6,Amazon,Health Gear,2022-10-17
202,Apple iPhone 13,Mobile Phones,43013.18,752,3.4,Apple,Audio World,2022-10-19
203,Dell XPS 15,Laptops,89694.89,378,4.4,Dell,Laptop Hub,2021-08-10
204,Nike Air Max 270,Footwear,53541.95,298,4.8,Nike,Sports Zone,2020-05-03
205,Apple iPhone 13,Mobile Phones,23433.45,65,3.7,Apple,Health Gear,2021-10-22
206,Samsung Galaxy M31,Mobile Phones,42059.09,819,4.9,Samsung,Sports Zone,2023-08-01
207,Samsung 55-inch 4K TV,Televisions,121567.77,611,4.9,Samsung,TV World,2022-02-07
208,Apple iPhone 13,Mobile Phones,148456.87,348,4.7,Apple,ABC Retailers,2022-09-22
209,Sony WH-1000XM4,Headphones,49345.72,767,4.1,Sony,ABC Retailers,2022-07-12
210,Samsung Galaxy M31,Mobile Phones,30077.54,941,4.8,Samsung,Gadget Shop,2022-01-03
211,Apple iPhone 13,Mobile Phones,85652.99,897,3.1,Apple,Sports Zone,2022-05-03
212,Nike Air Max 270,Footwear,49638.47,220,3.7,Nike,ABC Retailers,2020-11-07
213,Adidas Ultraboost,Footwear,122006.28,116,4.7,Adidas,Sports Zone,2021-05-19
214,Canon EOS 1500D,Cameras,28962.39,559,4.2,Canon,Health Gear,2021-06-14
215,Adidas Ultraboost,Footwear,111197.44,439,4.8,Adidas,Health Gear,2022-02-15
216,Fitbit Charge 4,Wearable Technology,23869.52,625,4.5,Fitbit,Laptop Hub,2021-08-15
217,Nike Air Max 270,Footwear,10570.98,327,3.3,Nike,XYZ Electronics,2022-12-27
218,Amazon Echo Dot,Smart Home Devices,58366.71,621,3.9,Amazon,Camera Store,2022-11-02
219,Adidas Ultraboost,Footwear,148388.62,401,3.3,Adidas,XYZ Electronics,2020-02-19
220,Fitbit Charge 4,Wearable Technology,39508.95,510,3.6,Fitbit,TV World,2023-02-19
221,Apple iPhone 13,Mobile Phones,30018.99,411,4.9,Apple,Sports Zone,2023-09-22
222,Nike Air Max 270,Footwear,22060.83,625,3.2,Nike,ABC Retailers,2020-11-22
223,Sony WH-1000XM4,Headphones,99865.62,585,4.9,Sony,ABC Retailers,2023-03-09
224,Canon EOS 1500D,Cameras,100017.8,138,4.1,Canon,TV World,2021-11-16
225,Dell XPS 15,Laptops,86805.73,595,3.6,Dell,Audio World,2023-09-07
226,Nike Air Max 270,Footwear,72637.88,208,3.6,Nike,XYZ Electronics,2022-06-13
227,Samsung Galaxy M31,Mobile Phones,131615.11,483,4.2,Samsung,Gadget Shop,2020-05-28
228,Fitbit Charge 4,Wearable Technology,5672.62,516,4.0,Fitbit,Sports Zone,2020-03-26
229,Samsung 55-inch 4K TV,Televisions,32129.38,377,4.5,Samsung,Audio World,2023-10-23
230,Fitbit Charge 4,Wearable Technology,125850.33,486,3.9,Fitbit,Camera Store,2021-10-10
231,Apple iPhone 13,Mobile Phones,67876.27,982,3.5,Apple,Audio World,2020-09-12
232,Dell XPS 15,Laptops,105800.87,696,5.0,Dell,Audio World,2022-08-25
233,Dell XPS 15,Laptops,99353.68,880,3.2,Dell,Audio World,2022-12-25
234,Amazon Echo Dot,Smart Home Devices,134767.99,923,4.1,Amazon,TV World,2020-06-14
235,Samsung 55-inch 4K TV,Televisions,27114.17,504,3.9,Samsung,Sports Zone,2020-08-15
236,Canon EOS 1500D,Cameras,110172.21,261,3.2,Canon,Laptop Hub,2021-04-17
237,Fitbit Charge 4,Wearable Technology,45174.6,87,3.0,Fitbit,Sports Zone,2020-11-23
238,Dell XPS 15,Laptops,148173.6,825,4.3,Dell,Audio World,2020-05-23
239,Dell XPS 15,Laptops,90714.96,669,4.3,Dell,Gadget Shop,2023-09-11
240,Dell XPS 15,Laptops,76115.03,423,4.4,Dell,Audio World,2023-10-14
241,Samsung 55-inch 4K TV,Televisions,147970.92,689,4.9,Samsung,TV World,2021-01-06
242,Amazon Echo Dot,Smart Home Devices,62684.95,457,4.0,Amazon,Gadget Shop,2021-05-28
243,Amazon Echo Dot,Smart Home Devices,63205.19,861,3.8,Amazon,Sports Zone,2020-12-26
244,Amazon Echo Dot,Smart Home Devices,103494.55,528,3.6,Amazon,TV World,2023-07-01
245,Apple iPhone 13,Mobile Phones,78072.26,862,3.9,Apple,XYZ Electronics,2022-03-21
246,Dell XPS 15,Laptops,129506.6,803,3.9,Dell,TV World,2020-11-19
247,Samsung Galaxy M31,Mobile Phones,11268.48,365,3.8,Samsung,Audio World,2023-07-14
248,Samsung 55-inch 4K TV,Televisions,87371.37,961,4.1,Samsung,Laptop Hub,2021-06-16
249,Samsung Galaxy M31,Mobile Phones,122450.62,552,3.6,Samsung,Laptop Hub,2023-04-22
250,Amazon Echo Dot,Smart Home Devices,94514.92,283,4.9,Amazon,Camera Store,2021-09-08
251,Fitbit Charge 4,Wearable Technology,25389.12,883,4.4,Fitbit,Camera Store,2020-11-26
252,Amazon Echo Dot,Smart Home Devices,47762.5,756,3.4,Amazon,TV World,2020-07-26
253,Samsung 55-inch 4K TV,Televisions,126678.58,766,4.6,Samsung,ABC Retailers,2022-01-26
254,Amazon Echo Dot,Smart Home Devices,29787.21,780,3.6,Amazon,Laptop Hub,2023-05-02
255,Sony WH-1000XM4,Headphones,95260.7,395,5.0,Sony,ABC Retailers,2023-10-21
256,Nike Air Max 270,Footwear,141464.1,599,4.4,Nike,Sports Zone,2021-06-10
257,Dell XPS 15,Laptops,145125.63,822,3.4,Dell,Sports Zone,2022-01-11
258,Dell XPS 15,Laptops,70545.48,327,3.4,Dell,Camera Store,2021-02-10
259,Apple iPhone 13,Mobile Phones,55396.51,530,4.2,Apple,Health Gear,2023-06-27
260,Nike Air Max 270,Footwear,113759.24,822,4.6,Nike,Gadget Shop,2022-04-10
261,Apple iPhone 13,Mobile Phones,106870.76,340,4.2,Apple,XYZ Electronics,2020-05-27
262,Fitbit Charge 4,Wearable Technology,76414.19,158,3.7,Fitbit,Gadget Shop,2020-08-05
263,Nike Air Max 270,Footwear,149323.52,508,3.7,Nike,Sports Zone,2020-03-23
264,Samsung 55-inch 4K TV,Televisions,47450.75,561,4.7,Samsung,Gadget Shop,2021-02-23
265,Apple iPhone 13,Mobile Phones,118483.92,115,4.4,Apple,TV World,2021-03-09
266,Amazon Echo Dot,Smart Home Devices,49830.81,771,4.5,Amazon,Sports Zone,2020-06-28
267,Samsung 55-inch 4K TV,Televisions,139971.52,647,3.8,Samsung,ABC Retailers,2023-03-15
268,Apple iPhone 13,Mobile Phones,20441.13,332,3.5,Apple,Sports Zone,2020-01-10
269,Amazon Echo Dot,Smart Home Devices,111684.08,592,3.7,Amazon,Camera Store,2023-08-16
270,Fitbit Charge 4,Wearable Technology,139125.26,602,3.0,Fitbit,Camera Store,2020-04-26
271,Canon EOS 1500D,Cameras,23752.74,145,4.9,Canon,Audio World,2020-08-23
272,Adidas Ultraboost,Footwear,39298.9,252,3.4,Adidas,Audio World,2022-12-18
273,Fitbit Charge 4,Wearable Technology,21970.72,390,3.6,Fitbit,Camera Store,2022-07-01
274,Samsung Galaxy M31,Mobile Phones,64961.42,320,3.1,Samsung,Laptop Hub,2021-07-21
275,Fitbit Charge 4,Wearable Technology,19647.22,641,3.8,Fitbit,Sports Zone,2021-11-24
276,Fitbit Charge 4,Wearable Technology,72824.47,986,3.2,Fitbit,Camera Store,2023-07-10
277,Dell XPS 15,Laptops,83016.64,799,3.4,Dell,Gadget Shop,2023-07-21
278,Canon EOS 1500D,Cameras,124651.61,359,4.9,Canon,XYZ Electronics,2021-08-11
279,Nike Air Max 270,Footwear,64937.04,843,4.0,Nike,Sports Zone,2020-02-16
280,Samsung 55-inch 4K TV,Televisions,108262.13,683,4.3,Samsung,Sports Zone,2023-03-25
281,Adidas Ultraboost,Footwear,52498.32,526,4.1,Adidas,Sports Zone,2020-04-24
282,Apple iPhone 13,Mobile Phones,74568.44,688,3.0,Apple,Laptop Hub,2020-10-02
283,Amazon Echo Dot,Smart Home Devices,37599.95,250,3.7,Amazon,Gadget Shop,2022-02-26
284,Amazon Echo Dot,Smart Home Devices,141181.83,889,3.2,Amazon,ABC Retailers,2022-05-01
285,Nike Air Max 270,Footwear,87871.0,416,4.9,Nike,TV World,2020-02-09
286,Nike Air Max 270,Footwear,9846.53,529,3.2,Nike,Gadget Shop,2021-04-28
287,Sony WH-1000XM4,Headphones,96546.84,548,4.9,Sony,Sports Zone,2022-07-15
288,Amazon Echo Dot,Smart Home Devices,86638.32,240,3.8,Amazon,TV World,2020-07-15
289,Sony WH-1000XM4,Headphones,45157.79,698,4.0,Sony,Camera Store,2023-02-20
290,Fitbit Charge 4,Wearable Technology,136618.34,152,5.0,Fitbit,ABC Retailers,2020-06-03
291,Adidas Ultraboost,Footwear,61040.69,462,3.5,Adidas,Health Gear,2020-06-08
292,Adidas Ultraboost,Footwear,58854.91,738,4.8,Adidas,TV World,2021-05-03
293,Sony WH-1000XM4,Headphones,129570.17,818,3.7,Sony,Laptop Hub,2022-07-12
294,Apple iPhone 13,Mobile Phones,110111.95,985,3.6,Apple,Laptop Hub,2022-01-03
295,Fitbit Charge 4,Wearable Technology,11599.95,796,4.8,Fitbit,Audio World,2023-12-27
296,Sony WH-1000XM4,Headphones,115096.67,951,3.9,Sony,Camera Store,2023-10-17
297,Dell XPS 15,Laptops,97521.42,732,3.2,Dell,Laptop Hub,2022-11-21
298,Nike Air Max 270,Footwear,111750.36,574,3.8,Nike,TV World,2020-01-04
299,Samsung Galaxy M31,Mobile Phones,72829.5,379,4.2,Samsung,ABC Retailers,2021-10-22
300,Apple iPhone 13,Mobile Phones,136737.56,859,4.2,Apple,Laptop Hub,2023-10-04
301,Sony WH-1000XM4,Headphones,54300.99,51,4.1,Sony,Audio World,2023-12-18
302,Samsung Galaxy M31,Mobile Phones,97201.92,366,3.3,Samsung,Camera Store,2022-06-17
303,Dell XPS 15,Laptops,75789.71,859,3.6,Dell,Health Gear,2022-05-14
304,Samsung Galaxy M31,Mobile Phones,60371.2,78,4.9,Samsung,Sports Zone,2022-07-27
305,Samsung 55-inch 4K TV,Televisions,41468.81,189,4.4,Samsung,TV World,2022-04-08
306,Sony WH-1000XM4,Headphones,8540.51,966,4.2,Sony,Sports Zone,2020-03-01
307,Samsung Galaxy M31,Mobile Phones,23680.12,140,4.2,Samsung,Sports Zone,2023-11-24
308,Adidas Ultraboost,Footwear,85163.47,240,4.1,Adidas,Sports Zone,2023-06-13
309,Apple iPhone 13,Mobile Phones,102490.82,204,3.1,Apple,Sports Zone,2021-05-14
310,Samsung 55-inch 4K TV,Televisions,69901.58,818,4.4,Samsung,Health Gear,2022-08-11
311,Nike Air Max 270,Footwear,13701.15,743,3.6,Nike,Laptop Hub,2021-02-08
312,Dell XPS 15,Laptops,108491.84,835,3.9,Dell,ABC Retailers,2021-06-27
313,Adidas Ultraboost,Footwear,67382.41,222,3.4,Adidas,Camera Store,2022-09-09
314,Apple iPhone 13,Mobile Phones,13514.9,145,4.0,Apple,TV World,2022-09-23
315,Samsung 55-inch 4K TV,Televisions,136621.61,793,4.5,Samsung,Health Gear,2020-05-16
316,Sony WH-1000XM4,Headphones,91743.83,592,3.5,Sony,Camera Store,2023-05-28
317,Sony WH-1000XM4,Headphones,37146.38,158,3.2,Sony,Audio World,2023-11-03
318,Nike Air Max 270,Footwear,33232.88,843,3.9,Nike,Gadget Shop,2023-02-10
319,Fitbit Charge 4,Wearable Technology,55907.27,446,3.7,Fitbit,Sports Zone,2020-09-08
320,Sony WH-1000XM4,Headphones,20080.5,397,4.9,Sony,Sports Zone,2023-09-01
321,Dell XPS 15,Laptops,145540.01,980,4.8,Dell,Audio World,2023-09-09
322,Canon EOS 1500D,Cameras,28824.99,348,4.3,Canon,Sports Zone,2021-01-21
323,Nike Air Max 270,Footwear,19718.42,152,3.2,Nike,Sports Zone,2023-03-25
324,Canon EOS 1500D,Cameras,61199.29,466,3.3,Canon,Health Gear,2022-12-27
325,Fitbit Charge 4,Wearable Technology,80832.62,910,4.5,Fitbit,Sports Zone,2022-07-14
326,Canon EOS 1500D,Cameras,67878.96,928,4.6,Canon,Laptop Hub,2022-04-28
327,Amazon Echo Dot,Smart Home Devices,97622.67,922,4.5,Amazon,Audio World,2023-10-20
328,Samsung 55-inch 4K TV,Televisions,42123.15,372,3.7,Samsung,Camera Store,2020-04-20
329,Amazon Echo Dot,Smart Home Devices,52156.48,840,4.8,Amazon,Camera Store,2023-11-23
330,Amazon Echo Dot,Smart Home Devices,26599.47,648,4.2,Amazon,Camera Store,2023-02-05
331,Samsung Galaxy M31,Mobile Phones,141237.3,60,4.9,Samsung,Camera Store,2021-06-13
332,Canon EOS 1500D,Cameras,68166.34,374,4.1,Canon,Laptop Hub,2022-10-07
333,Samsung Galaxy M31,Mobile Phones,28707.06,465,4.0,Samsung,ABC Retailers,2023-01-24
334,Sony WH-1000XM4,Headphones,77780.4,486,4.1,Sony,ABC Retailers,2023-03-02
335,Samsung 55-inch 4K TV,Televisions,7541.0,699,3.3,Samsung,Camera Store,2020-04-14
336,Samsung 55-inch 4K TV,Televisions,97115.21,231,3.9,Samsung,Health Gear,2020-03-05
337,Amazon Echo Dot,Smart Home Devices,95011.02,274,3.9,Amazon,Audio World,2022-07-02
338,Samsung Galaxy M31,Mobile Phones,121606.13,210,4.8,Samsung,Sports Zone,2022-10-09
339,Fitbit Charge 4,Wearable Technology,101908.76,560,3.3,Fitbit,Audio World,2022-06-02
340,Samsung 55-inch 4K TV,Televisions,45042.52,478,3.9,Samsung,Health Gear,2020-07-07
341,Amazon Echo Dot,Smart Home Devices,88692.48,744,4.8,Amazon,Audio World,2022-03-09
342,Apple iPhone 13,Mobile Phones,36935.63,545,4.4,Apple,Sports Zone,2023-02-20
343,Fitbit Charge 4,Wearable Technology,133012.51,162,5.0,Fitbit,TV World,2022-07-11
344,Dell XPS 15,Laptops,113821.86,935,3.6,Dell,Camera Store,2020-04-14
345,Apple iPhone 13,Mobile Phones,142610.86,286,4.0,Apple,Gadget Shop,2021-11-13
346,Amazon Echo Dot,Smart Home Devices,71709.18,780,4.6,Amazon,Sports Zone,2020-01-01
347,Sony WH-1000XM4,Headphones,113089.94,722,3.8,Sony,Audio World,2022-11-20
348,Apple iPhone 13,Mobile Phones,25310.81,748,4.7,Apple,XYZ Electronics,2022-01-27
349,Nike Air Max 270,Footwear,86850.61,750,3.0,Nike,XYZ Electronics,2020-08-03
350,Nike Air Max 270,Footwear,88629.06,452,3.8,Nike,Gadget Shop,2021-01-04
351,Dell XPS 15,Laptops,78948.94,622,3.2,Dell,Health Gear,2023-12-21
352,Amazon Echo Dot,Smart Home Devices,85480.54,976,4.9,Amazon,ABC Retailers,2023-11-03
353,Sony WH-1000XM4,Headphones,23739.2,55,4.5,Sony,Sports Zone,2023-09-17
354,Nike Air Max 270,Footwear,69230.74,167,3.5,Nike,Sports Zone,2020-12-20
355,Canon EOS 1500D,Cameras,82278.28,985,4.2,Canon,Health Gear,2023-04-21
356,Amazon Echo Dot,Smart Home Devices,80429.37,486,5.0,Amazon,XYZ Electronics,2020-12-03
357,Dell XPS 15,Laptops,7688.96,819,4.3,Dell,Health Gear,2020-04-21
358,Adidas Ultraboost,Footwear,73389.67,988,4.9,Adidas,Camera Store,2021-06-26
359,Adidas Ultraboost,Footwear,98064.56,991,3.0,Adidas,TV World,2022-08-20
360,Amazon Echo Dot,Smart Home Devices,82431.69,510,3.4,Amazon,Audio World,2023-07-14
361,Sony WH-1000XM4,Headphones,54150.47,957,3.2,Sony,Sports Zone,2023-03-09
362,Fitbit Charge 4,Wearable Technology,12578.5,977,4.7,Fitbit,TV World,2020-04-18
363,Samsung 55-inch 4K TV,Televisions,61285.49,656,4.2,Samsung,Camera Store,2020-01-10
364,Adidas Ultraboost,Footwear,70027.32,769,3.3,Adidas,Laptop Hub,2023-10-10
365,Sony WH-1000XM4,Headphones,23839.07,516,4.6,Sony,TV World,2023-03-22
366,Adidas Ultraboost,Footwear,85542.36,153,4.9,Adidas,ABC Retailers,2021-12-20
367,Amazon Echo Dot,Smart Home Devices,22333.7,500,3.6,Amazon,Camera Store,2023-02-14
368,Canon EOS 1500D,Cameras,25406.24,139,4.4,Canon,Health Gear,2021-07-22
369,Adidas Ultraboost,Footwear,148614.08,404,4.0,Adidas,TV World,2023-04-07
370,Dell XPS 15,Laptops,13352.44,938,4.6,Dell,ABC Retailers,2022-03-01
371,Canon EOS 1500D,Cameras,33494.52,504,4.8,Canon,Sports Zone,2023-01-26
372,Canon EOS 1500D,Cameras,130080.78,528,4.1,Canon,ABC Retailers,2021-02-03
373,Apple iPhone 13,Mobile Phones,36892.77,803,3.5,Apple,Camera Store,2020-09-02
374,Sony WH-1000XM4,Headphones,26509.3,558,3.0,Sony,Sports Zone,2023-05-14
375,Samsung 55-inch 4K TV,Televisions,71170.48,183,4.5,Samsung,TV World,2023-06-19
376,Samsung 55-inch 4K TV,Televisions,8272.48,980,4.8,Samsung,Camera Store,2023-06-16
377,Canon EOS 1500D,Cameras,3449.69,264,4.1,Canon,Laptop Hub,2023-02-21
378,Nike Air Max 270,Footwear,134816.08,949,4.0,Nike,Camera Store,2021-07-23
379,Fitbit Charge 4,Wearable Technology,77248.1,201,4.3,Fitbit,TV World,2021-02-27
380,Canon EOS 1500D,Cameras,142277.78,983,3.7,Canon,Gadget Shop,2023-07-20
381,Apple iPhone 13,Mobile Phones,139350.76,624,3.8,Apple,ABC Retailers,2021-05-09
382,Amazon Echo Dot,Smart Home Devices,24259.49,269,4.5,Amazon,Sports Zone,2020-08-01
383,Sony WH-1000XM4,Headphones,121969.46,229,3.8,Sony,Sports Zone,2022-09-14
384,Samsung Galaxy M31,Mobile Phones,21794.86,712,3.7,Samsung,Sports Zone,2022-02-04
385,Apple iPhone 13,Mobile Phones,139119.6,912,4.0,Apple,XYZ Electronics,2023-01-25
386,Adidas Ultraboost,Footwear,86922.07,624,3.5,Adidas,TV World,2022-01-08
387,Fitbit Charge 4,Wearable Technology,41301.67,155,4.8,Fitbit,Sports Zone,2021-03-07
388,Nike Air Max 270,Footwear,126968.83,741,3.3,Nike,ABC Retailers,2022-03-08
389,Canon EOS 1500D,Cameras,44855.56,909,4.3,Canon,Health Gear,2020-04-11
390,Adidas Ultraboost,Footwear,141703.22,944,4.1,Adidas,Sports Zone,2023-05-19
391,Apple iPhone 13,Mobile Phones,99393.03,512,4.1,Apple,ABC Retailers,2022-05-19
392,Apple iPhone 13,Mobile Phones,19049.05,494,3.3,Apple,Gadget Shop,2020-07-09
393,Nike Air Max 270,Footwear,149383.06,813,4.3,Nike,XYZ Electronics,2021-05-26
394,Samsung Galaxy M31,Mobile Phones,127362.24,556,3.1,Samsung,ABC Retailers,2020-03-22
395,Sony WH-1000XM4,Headphones,74919.83,352,4.5,Sony,Gadget Shop,2023-10-20
396,Canon EOS 1500D,Cameras,137172.35,866,4.2,Canon,Sports Zone,2022-02-16
397,Adidas Ultraboost,Footwear,111118.25,556,3.4,Adidas,Audio World,2022-12-13
398,Nike Air Max 270,Footwear,25391.52,667,4.1,Nike,ABC Retailers,2020-01-12
399,Samsung Galaxy M31,Mobile Phones,133612.33,578,4.0,Samsung,Health Gear,2021-10-13
400,Adidas Ultraboost,Footwear,19415.67,420,3.8,Adidas,XYZ Electronics,2023-12-01
401,Adidas Ultraboost,Footwear,94657.96,988,4.9,Adidas,Gadget Shop,2021-01-18
402,Samsung Galaxy M31,Mobile Phones,27004.17,397,3.6,Samsung,XYZ Electronics,2020-12-05
403,Samsung Galaxy M31,Mobile Phones,58279.79,196,4.4,Samsung,Sports Zone,2021-06-12
404,Samsung 55-inch 4K TV,Televisions,27355.43,921,4.1,Samsung,Sports Zone,2020-04-10
405,Amazon Echo Dot,Smart Home Devices,23918.91,186,3.9,Amazon,ABC Retailers,2023-12-07
406,Sony WH-1000XM4,Headphones,49246.87,204,4.2,Sony,Health Gear,2021-07-04
407,Fitbit Charge 4,Wearable Technology,56759.55,278,3.0,Fitbit,Sports Zone,2023-10-20
408,Canon EOS 1500D,Cameras,86715.9,901,4.4,Canon,Laptop Hub,2021-09-03
409,Samsung 55-inch 4K TV,Televisions,56667.35,69,4.5,Samsung,Camera Store,2021-04-28
410,Sony WH-1000XM4,Headphones,132204.04,313,3.8,Sony,TV World,2022-02-10
411,Fitbit Charge 4,Wearable Technology,55416.21,417,4.4,Fitbit,Laptop Hub,2021-01-28
412,Samsung Galaxy M31,Mobile Phones,141243.57,847,4.8,Samsung,Laptop Hub,2022-04-20
413,Samsung 55-inch 4K TV,Televisions,52332.06,257,3.2,Samsung,Laptop Hub,2022-02-26
414,Fitbit Charge 4,Wearable Technology,33908.78,484,3.5,Fitbit,Audio World,2020-11-12
415,Samsung Galaxy M31,Mobile Phones,148341.39,139,3.1,Samsung,Audio World,2022-09-18
416,Samsung 55-inch 4K TV,Televisions,21304.11,136,4.8,Samsung,XYZ Electronics,2022-08-08
417,Sony WH-1000XM4,Headphones,97757.07,864,3.9,Sony,Gadget Shop,2023-12-25
418,Nike Air Max 270,Footwear,121586.98,721,4.2,Nike,TV World,2021-06-24
419,Nike Air Max 270,Footwear,37036.61,591,3.8,Nike,Laptop Hub,2022-08-02
420,Canon EOS 1500D,Cameras,88869.53,613,3.6,Canon,ABC Retailers,2021-08-27
421,Canon EOS 1500D,Cameras,48732.48,854,4.7,Canon,Laptop Hub,2020-04-19
422,Fitbit Charge 4,Wearable Technology,125358.67,978,4.7,Fitbit,Audio World,2023-09-18
423,Canon EOS 1500D,Cameras,48860.03,124,4.6,Canon,XYZ Electronics,2020-04-03
424,Fitbit Charge 4,Wearable Technology,3194.89,958,4.7,Fitbit,Audio World,2020-06-27
425,Fitbit Charge 4,Wearable Technology,132109.04,629,4.6,Fitbit,Gadget Shop,2023-03-16
426,Amazon Echo Dot,Smart Home Devices,108557.07,778,3.0,Amazon,Camera Store,2021-11-26
427,Sony WH-1000XM4,Headphones,108736.75,474,3.8,Sony,Sports Zone,2021-08-09
428,Nike Air Max 270,Footwear,31614.18,677,3.7,Nike,TV World,2020-01-04
429,Apple iPhone 13,Mobile Phones,144142.34,906,4.4,Apple,ABC Retailers,2023-12-18
430,Nike Air Max 270,Footwear,56891.16,341,4.9,Nike,ABC Retailers,2023-01-01
431,Nike Air Max 270,Footwear,68317.93,900,4.5,Nike,Health Gear,2022-12-27
432,Fitbit Charge 4,Wearable Technology,38431.67,577,4.0,Fitbit,XYZ Electronics,2021-11-28
433,Adidas Ultraboost,Footwear,145468.99,255,3.9,Adidas,Sports Zone,2023-07-20
434,Canon EOS 1500D,Cameras,56028.25,791,4.6,Canon,Health Gear,2023-03-06
435,Apple iPhone 13,Mobile Phones,131162.22,953,4.0,Apple,Laptop Hub,2023-06-25
436,Amazon Echo Dot,Smart Home Devices,2359.16,801,3.4,Amazon,Camera Store,2022-08-25
437,Sony WH-1000XM4,Headphones,1643.21,724,3.0,Sony,Sports Zone,2022-02-11
438,Nike Air Max 270,Footwear,36824.14,388,4.4,Nike,Health Gear,2020-03-17
439,Dell XPS 15,Laptops,47166.83,601,3.6,Dell,Gadget Shop,2023-04-25
440,Dell XPS 15,Laptops,91374.08,614,3.3,Dell,Sports Zone,2023-03-20
441,Samsung 55-inch 4K TV,Televisions,71100.68,434,3.1,Samsung,ABC Retailers,2021-03-24
442,Canon EOS 1500D,Cameras,122010.94,239,5.0,Canon,Sports Zone,2021-06-09
443,Nike Air Max 270,Footwear,133749.11,606,5.0,Nike,Gadget Shop,2023-08-23
444,Amazon Echo Dot,Smart Home Devices,40312.22,807,4.4,Amazon,Laptop Hub,2020-02-16
445,Canon EOS 1500D,Cameras,142125.04,654,4.7,Canon,Sports Zone,2020-10-10
446,Sony WH-1000XM4,Headphones,12971.42,50,3.2,Sony,TV World,2021-02-05
447,Nike Air Max 270,Footwear,92850.61,787,3.6,Nike,Sports Zone,2021-04-14
448,Apple iPhone 13,Mobile Phones,32815.29,811,4.1,Apple,Gadget Shop,2020-08-24
449,Amazon Echo Dot,Smart Home Devices,113508.13,798,3.2,Amazon,ABC Retailers,2022-03-19
450,Samsung 55-inch 4K TV,Televisions,70503.8,357,3.1,Samsung,Sports Zone,2023-01-17
451,Canon EOS 1500D,Cameras,69102.3,914,3.7,Canon,ABC Retailers,2023-06-04
452,Apple iPhone 13,Mobile Phones,70202.09,60,4.3,Apple,ABC Retailers,2021-08-11
453,Sony WH-1000XM4,Headphones,128688.56,915,3.7,Sony,Health Gear,2021-03-04
454,Fitbit Charge 4,Wearable Technology,138427.24,633,4.0,Fitbit,Camera Store,2021-05-19
455,Samsung 55-inch 4K TV,Televisions,30304.66,445,3.8,Samsung,TV World,2023-07-03
456,Fitbit Charge 4,Wearable Technology,80908.6,98,4.1,Fitbit,Health Gear,2022-08-16
457,Nike Air Max 270,Footwear,15912.09,680,3.9,Nike,Audio World,2021-02-27
458,Dell XPS 15,Laptops,19603.19,96,3.2,Dell,Camera Store,2021-06-14
459,Apple iPhone 13,Mobile Phones,98038.2,991,4.9,Apple,Camera Store,2021-01-06
460,Canon EOS 1500D,Cameras,104531.32,821,4.3,Canon,TV World,2020-07-06
461,Dell XPS 15,Laptops,59029.27,148,3.8,Dell,XYZ Electronics,2020-11-20
462,Adidas Ultraboost,Footwear,115894.73,405,3.0,Adidas,Health Gear,2023-10-26
463,Adidas Ultraboost,Footwear,144125.26,122,3.0,Adidas,Gadget Shop,2023-11-26
464,Dell XPS 15,Laptops,34964.71,450,4.3,Dell,Audio World,2020-10-04
465,Fitbit Charge 4,Wearable Technology,139200.92,525,3.1,Fitbit,XYZ Electronics,2020-12-10
466,Samsung 55-inch 4K TV,Televisions,25247.84,781,4.3,Samsung,Laptop Hub,2023-11-17
467,Apple iPhone 13,Mobile Phones,133601.09,868,4.3,Apple,Camera Store,2022-05-27
468,Samsung Galaxy M31,Mobile Phones,8442.98,361,3.7,Samsung,Sports Zone,2023-11-03
469,Samsung Galaxy M31,Mobile Phones,137298.21,195,4.0,Samsung,TV World,2020-09-05
470,Fitbit Charge 4,Wearable Technology,136610.96,264,3.3,Fitbit,Gadget Shop,2023-11-22
471,Fitbit Charge 4,Wearable Technology,53908.98,414,4.1,Fitbit,ABC Retailers,2021-10-09
472,Canon EOS 1500D,Cameras,77375.92,404,4.2,Canon,Sports Zone,2020-02-08
473,Samsung Galaxy M31,Mobile Phones,144569.65,663,3.4,Samsung,Sports Zone,2023-01-10
474,Apple iPhone 13,Mobile Phones,115173.74,688,3.1,Apple,Audio World,2022-01-24
475,Nike Air Max 270,Footwear,135642.14,410,4.6,Nike,Health Gear,2021-07-23
476,Canon EOS 1500D,Cameras,149134.94,322,3.6,Canon,XYZ Electronics,2023-03-07
477,Apple iPhone 13,Mobile Phones,86918.38,751,4.1,Apple,Sports Zone,2021-01-28
478,Apple iPhone 13,Mobile Phones,77967.91,700,3.3,Apple,TV World,2022-12-14
479,Adidas Ultraboost,Footwear,105972.45,105,3.6,Adidas,Camera Store,2022-09-28
480,Sony WH-1000XM4,Headphones,137628.06,519,5.0,Sony,Audio World,2023-02-08
481,Samsung 55-inch 4K TV,Televisions,148945.2,501,4.6,Samsung,Sports Zone,2020-11-20
482,Canon EOS 1500D,Cameras,3677.6,185,4.1,Canon,XYZ Electronics,2020-08-11
483,Adidas Ultraboost,Footwear,46958.21,965,3.5,Adidas,TV World,2022-01-23
484,Nike Air Max 270,Footwear,139151.81,92,3.4,Nike,Audio World,2021-09-27
485,Fitbit Charge 4,Wearable Technology,26026.2,874,4.9,Fitbit,XYZ Electronics,2022-03-11
486,Samsung Galaxy M31,Mobile Phones,130071.89,275,4.8,Samsung,ABC Retailers,2021-09-27
487,Fitbit Charge 4,Wearable Technology,93758.16,564,3.4,Fitbit,XYZ Electronics,2023-05-05
488,Apple iPhone 13,Mobile Phones,66083.72,192,3.8,Apple,Health Gear,2021-12-22
489,Canon EOS 1500D,Cameras,40711.05,916,3.4,Canon,Laptop Hub,2022-08-02
490,Sony WH-1000XM4,Headphones,105100.13,942,3.2,Sony,Gadget Shop,2023-12-13
491,Adidas Ultraboost,Footwear,27222.43,604,3.7,Adidas,Sports Zone,2023-12-28
492,Samsung Galaxy M31,Mobile Phones,78269.63,217,3.8,Samsung,Audio World,2020-09-23
493,Samsung 55-inch 4K TV,Televisions,13027.11,705,3.1,Samsung,XYZ Electronics,2023-12-28
494,Fitbit Charge 4,Wearable Technology,69498.44,331,3.9,Fitbit,Laptop Hub,2021-09-14
495,Amazon Echo Dot,Smart Home Devices,126299.13,999,4.2,Amazon,Sports Zone,2023-04-25
496,Amazon Echo Dot,Smart Home Devices,121958.61,898,3.3,Amazon,Gadget Shop,2020-03-06
497,Samsung 55-inch 4K TV,Televisions,22922.74,525,3.7,Samsung,Sports Zone,2023-07-13
498,Nike Air Max 270,Footwear,126707.23,945,3.6,Nike,ABC Retailers,2023-10-03
499,Apple iPhone 13,Mobile Phones,47824.89,521,3.2,Apple,Health Gear,2021-03-06
500,Apple iPhone 13,Mobile Phones,54173.57,545,3.4,Apple,ABC Retailers,2023-02-08
501,Canon EOS 1500D,Cameras,141401.38,380,3.6,Canon,Camera Store,2022-01-27
502,Samsung 55-inch 4K TV,Televisions,6835.63,324,4.6,Samsung,Sports Zone,2020-08-15
503,Nike Air Max 270,Footwear,147153.53,907,3.4,Nike,Sports Zone,2021-06-09
504,Canon EOS 1500D,Cameras,102756.57,272,4.8,Canon,XYZ Electronics,2023-04-14
505,Sony WH-1000XM4,Headphones,55496.57,493,4.3,Sony,Sports Zone,2020-09-04
506,Sony WH-1000XM4,Headphones,136442.48,731,3.6,Sony,Health Gear,2020-10-19
507,Sony WH-1000XM4,Headphones,61716.49,483,4.0,Sony,XYZ Electronics,2020-07-25
508,Samsung 55-inch 4K TV,Televisions,105179.94,468,3.5,Samsung,Gadget Shop,2021-06-17
509,Sony WH-1000XM4,Headphones,48083.61,433,4.4,Sony,Camera Store,2020-10-06
510,Apple iPhone 13,Mobile Phones,28230.32,447,4.0,Apple,Gadget Shop,2020-11-04
511,Sony WH-1000XM4,Headphones,33403.73,605,4.7,Sony,Health Gear,2022-09-23
512,Samsung 55-inch 4K TV,Televisions,125742.09,271,3.9,Samsung,XYZ Electronics,2021-07-14
513,Adidas Ultraboost,Footwear,3921.38,945,3.3,Adidas,XYZ Electronics,2021-12-07
514,Fitbit Charge 4,Wearable Technology,44692.37,59,3.2,Fitbit,Sports Zone,2021-04-05
515,Nike Air Max 270,Footwear,81590.56,426,4.0,Nike,Gadget Shop,2021-04-26
516,Canon EOS 1500D,Cameras,20887.16,82,4.1,Canon,Gadget Shop,2023-11-06
517,Nike Air Max 270,Footwear,143603.51,742,4.6,Nike,Camera Store,2023-01-08
518,Amazon Echo Dot,Smart Home Devices,7562.77,998,3.8,Amazon,Camera Store,2023-12-03
519,Samsung Galaxy M31,Mobile Phones,108918.7,537,3.0,Samsung,Health Gear,2022-07-21
520,Dell XPS 15,Laptops,88243.43,935,3.9,Dell,Health Gear,2021-07-15
521,Fitbit Charge 4,Wearable Technology,27033.61,803,3.5,Fitbit,TV World,2020-10-02
522,Fitbit Charge 4,Wearable Technology,89589.64,759,5.0,Fitbit,Audio World,2023-05-03
523,Canon EOS 1500D,Cameras,64455.4,657,4.3,Canon,Laptop Hub,2023-09-04
524,Samsung 55-inch 4K TV,Televisions,113355.73,650,4.8,Samsung,Camera Store,2021-05-14
525,Samsung Galaxy M31,Mobile Phones,26558.36,774,5.0,Samsung,ABC Retailers,2021-04-08
526,Nike Air Max 270,Footwear,21871.8,864,3.5,Nike,Camera Store,2022-01-27
527,Apple iPhone 13,Mobile Phones,49860.35,125,3.3,Apple,Health Gear,2020-06-14
528,Nike Air Max 270,Footwear,93850.57,166,3.5,Nike,ABC Retailers,2022-07-23
529,Sony WH-1000XM4,Headphones,23303.42,930,4.3,Sony,Audio World,2020-02-03
530,Nike Air Max 270,Footwear,99624.97,114,4.3,Nike,TV World,2021-03-28
531,Nike Air Max 270,Footwear,29189.35,927,3.1,Nike,Sports Zone,2021-09-10
532,Samsung 55-inch 4K TV,Televisions,139180.68,596,3.5,Samsung,Health Gear,2023-06-26
533,Canon EOS 1500D,Cameras,20673.23,896,4.2,Canon,Laptop Hub,2020-01-28
534,Dell XPS 15,Laptops,19158.47,337,3.2,Dell,Sports Zone,2021-07-02
535,Amazon Echo Dot,Smart Home Devices,141475.46,837,4.2,Amazon,Sports Zone,2022-02-10
536,Amazon Echo Dot,Smart Home Devices,36462.94,648,4.4,Amazon,Sports Zone,2022-02-11
537,Canon EOS 1500D,Cameras,115136.03,886,3.0,Canon,Audio World,2021-04-03
538,Canon EOS 1500D,Cameras,50717.44,526,4.9,Canon,Camera Store,2023-01-03
539,Adidas Ultraboost,Footwear,99820.99,643,3.6,Adidas,TV World,2023-01-28
540,Sony WH-1000XM4,Headphones,109657.57,825,4.7,Sony,Health Gear,2021-06-21
541,Dell XPS 15,Laptops,138559.8,714,5.0,Dell,Camera Store,2023-06-20
542,Canon EOS 1500D,Cameras,34827.84,959,3.1,Canon,XYZ Electronics,2020-10-08
543,Dell XPS 15,Laptops,20293.24,997,4.2,Dell,Audio World,2020-03-16
544,Amazon Echo Dot,Smart Home Devices,51433.01,308,3.6,Amazon,Sports Zone,2023-10-06
545,Apple iPhone 13,Mobile Phones,41803.19,506,3.1,Apple,Health Gear,2020-12-22
546,Amazon Echo Dot,Smart Home Devices,95563.91,457,3.8,Amazon,Gadget Shop,2021-05-07
547,Fitbit Charge 4,Wearable Technology,30487.19,667,4.2,Fitbit,TV World,2023-10-04
548,Samsung Galaxy M31,Mobile Phones,27599.36,789,4.8,Samsung,Camera Store,2021-02-14
549,Samsung Galaxy M31,Mobile Phones,84811.39,372,4.5,Samsung,Gadget Shop,2021-06-15
550,Samsung Galaxy M31,Mobile Phones,80661.93,413,3.5,Samsung,Laptop Hub,2020-10-14
551,Canon EOS 1500D,Cameras,43973.53,839,3.1,Canon,Audio World,2022-01-11
552,Amazon Echo Dot,Smart Home Devices,1771.4,896,4.8,Amazon,Camera Store,2020-07-25
553,Dell XPS 15,Laptops,24891.35,234,4.2,Dell,Gadget Shop,2023-06-05
554,Nike Air Max 270,Footwear,125272.61,338,3.0,Nike,XYZ Electronics,2022-06-03
555,Amazon Echo Dot,Smart Home Devices,142513.59,681,4.8,Amazon,Sports Zone,2023-04-15
556,Apple iPhone 13,Mobile Phones,120966.01,626,4.4,Apple,Laptop Hub,2021-11-12
557,Samsung Galaxy M31,Mobile Phones,147330.71,701,4.3,Samsung,ABC Retailers,2021-10-23
558,Adidas Ultraboost,Footwear,11714.88,423,3.8,Adidas,Sports Zone,2020-02-12
559,Canon EOS 1500D,Cameras,38143.27,997,3.6,Canon,XYZ Electronics,2022-11-17
560,Samsung Galaxy M31,Mobile Phones,39934.43,360,4.0,Samsung,Laptop Hub,2021-12-16
561,Adidas Ultraboost,Footwear,138356.53,217,3.1,Adidas,Health Gear,2021-06-25
562,Canon EOS 1500D,Cameras,112853.81,525,3.9,Canon,TV World,2020-01-04
563,Samsung 55-inch 4K TV,Televisions,54001.49,86,3.8,Samsung,TV World,2021-05-21
564,Adidas Ultraboost,Footwear,13762.92,431,4.7,Adidas,Audio World,2021-09-25
565,Samsung 55-inch 4K TV,Televisions,88727.28,471,4.4,Samsung,ABC Retailers,2021-03-07
566,Nike Air Max 270,Footwear,4087.89,636,4.9,Nike,Audio World,2021-12-10
567,Amazon Echo Dot,Smart Home Devices,15854.7,793,4.5,Amazon,Sports Zone,2023-01-26
568,Apple iPhone 13,Mobile Phones,113597.61,501,3.7,Apple,Sports Zone,2021-06-24
569,Amazon Echo Dot,Smart Home Devices,65398.36,754,4.6,Amazon,Audio World,2022-12-12
570,Fitbit Charge 4,Wearable Technology,23454.4,828,3.1,Fitbit,Laptop Hub,2020-06-10
571,Adidas Ultraboost,Footwear,16422.38,373,4.0,Adidas,XYZ Electronics,2022-12-01
572,Sony WH-1000XM4,Headphones,93240.99,817,3.6,Sony,XYZ Electronics,2023-03-21
573,Fitbit Charge 4,Wearable Technology,123014.15,898,3.6,Fitbit,ABC Retailers,2020-10-19
574,Canon EOS 1500D,Cameras,21736.46,514,3.2,Canon,ABC Retailers,2023-02-03
575,Samsung 55-inch 4K TV,Televisions,44460.55,537,4.3,Samsung,TV World,2022-06-25
576,Canon EOS 1500D,Cameras,143858.47,518,3.3,Canon,Audio World,2021-10-12
577,Dell XPS 15,Laptops,27702.66,370,4.7,Dell,Laptop Hub,2023-01-19
578,Samsung 55-inch 4K TV,Televisions,104850.76,800,4.9,Samsung,Gadget Shop,2020-07-21
579,Sony WH-1000XM4,Headphones,135976.45,764,4.3,Sony,Sports Zone,2020-08-05
580,Dell XPS 15,Laptops,87963.18,466,3.3,Dell,Camera Store,2023-05-08
581,Sony WH-1000XM4,Headphones,94622.93,566,4.5,Sony,Health Gear,2022-05-27
582,Samsung Galaxy M31,Mobile Phones,127135.14,419,4.8,Samsung,Sports Zone,2020-11-14
583,Fitbit Charge 4,Wearable Technology,110583.16,911,4.7,Fitbit,Health Gear,2020-01-16
584,Canon EOS 1500D,Cameras,120940.66,779,3.5,Canon,Gadget Shop,2023-04-10
585,Sony WH-1000XM4,Headphones,11743.09,464,5.0,Sony,TV World,2021-10-05
586,Nike Air Max 270,Footwear,28259.26,857,4.7,Nike,Health Gear,2020-01-28
587,Apple iPhone 13,Mobile Phones,34742.07,139,4.7,Apple,XYZ Electronics,2022-03-04
588,Nike Air Max 270,Footwear,29657.7,888,3.3,Nike,Sports Zone,2022-02-15
589,Adidas Ultraboost,Footwear,42235.39,548,4.4,Adidas,Health Gear,2020-09-17
590,Samsung Galaxy M31,Mobile Phones,107832.28,885,3.7,Samsung,Camera Store,2020-01-13
591,Fitbit Charge 4,Wearable Technology,18252.14,650,4.4,Fitbit,Gadget Shop,2021-10-15
592,Canon EOS 1500D,Cameras,141761.74,496,4.5,Canon,Sports Zone,2021-12-12
593,Amazon Echo Dot,Smart Home Devices,6080.36,463,3.2,Amazon,Audio World,2020-06-22
594,Samsung 55-inch 4K TV,Televisions,62365.13,843,3.8,Samsung,Sports Zone,2022-08-09
595,Apple iPhone 13,Mobile Phones,28575.75,153,4.2,Apple,XYZ Electronics,2022-10-16
596,Sony WH-1000XM4,Headphones,99118.89,469,3.6,Sony,Sports Zone,2022-11-03
597,Samsung 55-inch 4K TV,Televisions,50377.03,959,4.3,Samsung,Gadget Shop,2022-07-27
598,Samsung 55-inch 4K TV,Televisions,8885.75,339,3.8,Samsung,Sports Zone,2022-01-10
599,Fitbit Charge 4,Wearable Technology,61004.29,203,3.5,Fitbit,TV World,2022-08-08
600,Samsung Galaxy M31,Mobile Phones,25684.05,450,4.8,Samsung,Sports Zone,2022-11-28
601,Adidas Ultraboost,Footwear,116681.35,491,3.3,Adidas,Laptop Hub,2021-02-20
602,Samsung Galaxy M31,Mobile Phones,131151.23,947,4.5,Samsung,Camera Store,2022-04-18
603,Samsung Galaxy M31,Mobile Phones,28574.11,940,4.5,Samsung,Camera Store,2023-09-17
604,Adidas Ultraboost,Footwear,124119.76,724,3.7,Adidas,Sports Zone,2020-04-25
605,Fitbit Charge 4,Wearable Technology,37223.01,77,3.7,Fitbit,Sports Zone,2021-12-24
606,Sony WH-1000XM4,Headphones,113017.94,643,4.8,Sony,Health Gear,2022-09-05
607,Amazon Echo Dot,Smart Home Devices,138965.59,996,3.4,Amazon,Gadget Shop,2021-12-14
608,Canon EOS 1500D,Cameras,125361.87,650,5.0,Canon,Gadget Shop,2021-08-16
609,Fitbit Charge 4,Wearable Technology,20246.06,125,3.2,Fitbit,Laptop Hub,2022-10-08
610,Samsung Galaxy M31,Mobile Phones,116716.43,208,3.5,Samsung,Audio World,2021-09-19
611,Samsung Galaxy M31,Mobile Phones,10592.02,555,3.4,Samsung,Camera Store,2021-12-23
612,Samsung 55-inch 4K TV,Televisions,23966.22,172,3.6,Samsung,TV World,2022-09-21
613,Sony WH-1000XM4,Headphones,132996.23,753,4.2,Sony,Camera Store,2020-12-21
614,Canon EOS 1500D,Cameras,12392.95,909,4.5,Canon,ABC Retailers,2021-09-20
615,Samsung Galaxy M31,Mobile Phones,49917.42,546,4.6,Samsung,Sports Zone,2022-09-10
616,Adidas Ultraboost,Footwear,81256.61,778,4.2,Adidas,Camera Store,2020-08-07
617,Sony WH-1000XM4,Headphones,109535.51,403,4.8,Sony,Sports Zone,2023-09-22
618,Samsung 55-inch 4K TV,Televisions,92162.12,426,3.2,Samsung,Gadget Shop,2022-12-24
619,Canon EOS 1500D,Cameras,3821.72,894,3.5,Canon,TV World,2020-02-11
620,Dell XPS 15,Laptops,31403.04,606,4.1,Dell,ABC Retailers,2021-09-25
621,Samsung 55-inch 4K TV,Televisions,114545.5,215,3.4,Samsung,Camera Store,2023-10-13
622,Amazon Echo Dot,Smart Home Devices,2281.1,864,3.6,Amazon,ABC Retailers,2022-05-23
623,Apple iPhone 13,Mobile Phones,27725.11,197,4.2,Apple,Health Gear,2023-11-27
624,Samsung 55-inch 4K TV,Televisions,22315.51,994,3.5,Samsung,Laptop Hub,2021-12-22
625,Nike Air Max 270,Footwear,32788.55,199,3.1,Nike,Sports Zone,2021-02-22
626,Samsung Galaxy M31,Mobile Phones,33636.29,189,4.6,Samsung,TV World,2021-02-03
627,Sony WH-1000XM4,Headphones,117968.59,76,4.0,Sony,Laptop Hub,2021-05-23
628,Sony WH-1000XM4,Headphones,125206.88,674,4.0,Sony,Camera Store,2020-09-01
629,Adidas Ultraboost,Footwear,134823.17,604,4.9,Adidas,TV World,2023-06-10
630,Apple iPhone 13,Mobile Phones,116562.71,682,4.1,Apple,Health Gear,2020-11-12
631,Dell XPS 15,Laptops,107176.22,450,3.9,Dell,Camera Store,2022-05-28
632,Adidas Ultraboost,Footwear,111817.06,333,4.7,Adidas,XYZ Electronics,2021-04-11
633,Sony WH-1000XM4,Headphones,147810.51,500,4.3,Sony,Gadget Shop,2023-04-14
634,Sony WH-1000XM4,Headphones,120795.36,198,3.8,Sony,XYZ Electronics,2023-01-14
635,Samsung 55-inch 4K TV,Televisions,67174.49,584,3.4,Samsung,Audio World,2021-11-03
636,Canon EOS 1500D,Cameras,53637.43,800,5.0,Canon,Camera Store,2020-03-04
637,Sony WH-1000XM4,Headphones,26842.15,524,3.9,Sony,TV World,2020-03-12
638,Samsung 55-inch 4K TV,Televisions,136734.65,781,4.2,Samsung,Sports Zone,2021-07-18
639,Fitbit Charge 4,Wearable Technology,1797.35,869,3.4,Fitbit,XYZ Electronics,2022-06-06
640,Amazon Echo Dot,Smart Home Devices,4191.86,931,3.6,Amazon,ABC Retailers,2023-05-14
641,Amazon Echo Dot,Smart Home Devices,17572.96,815,3.8,Amazon,Camera Store,2023-10-23
642,Fitbit Charge 4,Wearable Technology,61450.24,436,4.8,Fitbit,Audio World,2020-08-07
643,Sony WH-1000XM4,Headphones,23950.34,812,4.5,Sony,Gadget Shop,2021-12-23
644,Canon EOS 1500D,Cameras,144846.28,361,4.0,Canon,Laptop Hub,2021-02-25
645,Adidas Ultraboost,Footwear,2685.19,905,4.2,Adidas,TV World,2022-04-22
646,Samsung Galaxy M31,Mobile Phones,32345.75,325,4.2,Samsung,TV World,2023-05-08
647,Samsung Galaxy M31,Mobile Phones,106863.83,502,4.7,Samsung,Health Gear,2023-10-14
648,Nike Air Max 270,Footwear,61844.07,744,4.4,Nike,TV World,2021-07-27
649,Sony WH-1000XM4,Headphones,103899.84,500,5.0,Sony,Sports Zone,2023-03-28
650,Dell XPS 15,Laptops,45203.76,283,3.8,Dell,Sports Zone,2020-02-22
651,Canon EOS 1500D,Cameras,82645.0,343,3.4,Canon,Audio World,2023-08-18
652,Samsung Galaxy M31,Mobile Phones,64747.44,613,5.0,Samsung,Sports Zone,2020-12-25
653,Canon EOS 1500D,Cameras,122867.65,700,4.0,Canon,Audio World,2023-02-03
654,Dell XPS 15,Laptops,94818.13,716,3.5,Dell,TV World,2021-03-09
655,Sony WH-1000XM4,Headphones,89080.03,702,4.1,Sony,Camera Store,2023-11-17
656,Sony WH-1000XM4,Headphones,1655.33,274,3.3,Sony,Sports Zone,2022-11-21
657,Samsung Galaxy M31,Mobile Phones,109309.49,524,3.8,Samsung,Sports Zone,2022-02-17
658,Samsung 55-inch 4K TV,Televisions,73816.66,540,4.7,Samsung,Camera Store,2020-04-28
659,Samsung 55-inch 4K TV,Televisions,48943.68,151,4.4,Samsung,Health Gear,2020-11-08
660,Fitbit Charge 4,Wearable Technology,130653.49,51,4.2,Fitbit,Laptop Hub,2022-04-05
661,Amazon Echo Dot,Smart Home Devices,115164.55,677,4.3,Amazon,Sports Zone,2022-07-01
662,Canon EOS 1500D,Cameras,101686.81,70,3.3,Canon,Camera Store,2021-02-03
663,Samsung Galaxy M31,Mobile Phones,47106.75,514,4.7,Samsung,Laptop Hub,2022-11-18
664,Sony WH-1000XM4,Headphones,79817.79,342,3.8,Sony,Audio World,2020-12-22
665,Samsung 55-inch 4K TV,Televisions,109188.15,516,4.2,Samsung,Sports Zone,2022-07-16
666,Nike Air Max 270,Footwear,23741.5,502,3.7,Nike,Camera Store,2021-07-13
667,Sony WH-1000XM4,Headphones,135621.58,302,4.9,Sony,Health Gear,2020-06-08
668,Apple iPhone 13,Mobile Phones,84253.67,344,3.3,Apple,XYZ Electronics,2023-01-11
669,Adidas Ultraboost,Footwear,25033.48,498,4.6,Adidas,Gadget Shop,2023-01-09
670,Fitbit Charge 4,Wearable Technology,63798.88,524,4.7,Fitbit,Gadget Shop,2021-08-19
671,Dell XPS 15,Laptops,93775.84,209,4.9,Dell,XYZ Electronics,2023-10-28
672,Apple iPhone 13,Mobile Phones,73791.71,815,4.9,Apple,ABC Retailers,2022-01-25
673,Apple iPhone 13,Mobile Phones,89533.59,586,3.4,Apple,Gadget Shop,2020-10-26
674,Samsung 55-inch 4K TV,Televisions,80498.45,699,4.7,Samsung,TV World,2022-03-03
675,Samsung Galaxy M31,Mobile Phones,141347.4,488,4.7,Samsung,TV World,2021-07-19
676,Samsung 55-inch 4K TV,Televisions,37221.62,398,3.5,Samsung,Laptop Hub,2022-04-17
677,Canon EOS 1500D,Cameras,105592.71,843,4.9,Canon,XYZ Electronics,2021-04-27
678,Samsung Galaxy M31,Mobile Phones,17519.75,432,4.7,Samsung,Sports Zone,2021-09-26
679,Adidas Ultraboost,Footwear,22412.04,680,4.0,Adidas,XYZ Electronics,2023-06-02
680,Samsung Galaxy M31,Mobile Phones,79771.76,903,4.5,Samsung,Sports Zone,2020-01-23
681,Apple iPhone 13,Mobile Phones,127881.02,99,3.3,Apple,TV World,2021-04-06
682,Amazon Echo Dot,Smart Home Devices,135113.28,87,3.8,Amazon,Laptop Hub,2020-06-15
683,Amazon Echo Dot,Smart Home Devices,28592.99,939,4.4,Amazon,Audio World,2023-06-13
684,Dell XPS 15,Laptops,47194.75,851,3.5,Dell,Laptop Hub,2022-12-20
685,Samsung 55-inch 4K TV,Televisions,107727.24,350,3.7,Samsung,Sports Zone,2022-09-06
686,Nike Air Max 270,Footwear,130167.49,160,4.6,Nike,Sports Zone,2020-01-13
687,Fitbit Charge 4,Wearable Technology,132370.28,581,3.6,Fitbit,ABC Retailers,2022-06-11
688,Amazon Echo Dot,Smart Home Devices,74764.63,380,3.6,Amazon,TV World,2021-05-24
689,Canon EOS 1500D,Cameras,112843.18,985,3.4,Canon,Laptop Hub,2022-11-08
690,Fitbit Charge 4,Wearable Technology,93446.79,427,4.6,Fitbit,TV World,2022-03-12
691,Samsung Galaxy M31,Mobile Phones,52899.48,99,4.2,Samsung,Sports Zone,2020-12-03
692,Sony WH-1000XM4,Headphones,8395.78,742,3.4,Sony,Audio World,2020-02-24
693,Dell XPS 15,Laptops,4030.41,77,3.0,Dell,ABC Retailers,2020-09-09
694,Samsung Galaxy M31,Mobile Phones,16506.49,584,3.6,Samsung,Gadget Shop,2022-11-15
695,Apple iPhone 13,Mobile Phones,82018.44,434,3.9,Apple,Health Gear,2021-06-15
696,Canon EOS 1500D,Cameras,31834.79,655,3.1,Canon,ABC Retailers,2020-10-23
697,Sony WH-1000XM4,Headphones,90660.31,98,3.1,Sony,ABC Retailers,2022-07-25
698,Apple iPhone 13,Mobile Phones,143992.94,100,4.8,Apple,XYZ Electronics,2021-01-13
699,Dell XPS 15,Laptops,71667.92,609,5.0,Dell,Health Gear,2021-02-06
700,Apple iPhone 13,Mobile Phones,59886.54,338,3.2,Apple,TV World,2020-08-14
701,Nike Air Max 270,Footwear,25340.61,157,3.2,Nike,ABC Retailers,2022-02-15
702,Samsung 55-inch 4K TV,Televisions,80374.61,825,4.1,Samsung,Sports Zone,2021-03-24
703,Canon EOS 1500D,Cameras,128295.43,816,4.8,Canon,Camera Store,2020-02-11
704,Dell XPS 15,Laptops,47757.75,960,3.2,Dell,TV World,2023-04-15
705,Samsung Galaxy M31,Mobile Phones,63556.82,208,4.0,Samsung,XYZ Electronics,2021-08-27
706,Adidas Ultraboost,Footwear,120132.15,950,4.7,Adidas,TV World,2022-04-08
707,Samsung 55-inch 4K TV,Televisions,40610.94,428,3.4,Samsung,Sports Zone,2020-10-18
708,Adidas Ultraboost,Footwear,11425.21,984,4.1,Adidas,Sports Zone,2021-07-15
709,Dell XPS 15,Laptops,108249.96,509,3.5,Dell,Camera Store,2020-09-14
710,Amazon Echo Dot,Smart Home Devices,87968.76,79,4.2,Amazon,Sports Zone,2020-09-27
711,Samsung Galaxy M31,Mobile Phones,100952.21,257,4.8,Samsung,Sports Zone,2021-07-28
712,Canon EOS 1500D,Cameras,129224.77,630,3.3,Canon,Gadget Shop,2020-12-10
713,Amazon Echo Dot,Smart Home Devices,34789.71,370,4.8,Amazon,Audio World,2021-04-27
714,Samsung 55-inch 4K TV,Televisions,66531.74,828,4.5,Samsung,Laptop Hub,2020-10-02
715,Fitbit Charge 4,Wearable Technology,88361.7,807,3.6,Fitbit,Camera Store,2023-07-05
716,Nike Air Max 270,Footwear,118893.24,393,3.3,Nike,Sports Zone,2023-11-27
717,Apple iPhone 13,Mobile Phones,57775.85,479,4.9,Apple,XYZ Electronics,2021-09-23
718,Samsung Galaxy M31,Mobile Phones,124056.76,434,4.2,Samsung,Sports Zone,2021-02-18
719,Fitbit Charge 4,Wearable Technology,8479.81,522,4.3,Fitbit,Camera Store,2022-11-25
720,Samsung Galaxy M31,Mobile Phones,6139.06,662,3.9,Samsung,Audio World,2022-04-27
721,Apple iPhone 13,Mobile Phones,49426.47,149,3.1,Apple,XYZ Electronics,2020-10-18
722,Dell XPS 15,Laptops,146960.73,468,4.4,Dell,Sports Zone,2020-04-02
723,Amazon Echo Dot,Smart Home Devices,2932.55,442,4.9,Amazon,TV World,2023-09-06
724,Dell XPS 15,Laptops,69434.67,835,3.9,Dell,TV World,2021-05-07
725,Nike Air Max 270,Footwear,8800.91,105,3.5,Nike,ABC Retailers,2022-05-24
726,Adidas Ultraboost,Footwear,78918.89,419,4.9,Adidas,Audio World,2022-04-12
727,Sony WH-1000XM4,Headphones,80833.77,542,4.8,Sony,Laptop Hub,2020-10-18
728,Apple iPhone 13,Mobile Phones,131926.39,1000,4.9,Apple,Laptop Hub,2021-11-17
729,Sony WH-1000XM4,Headphones,129564.57,783,3.9,Sony,Gadget Shop,2021-03-11
730,Samsung Galaxy M31,Mobile Phones,14022.88,585,4.0,Samsung,Sports Zone,2020-05-04
731,Samsung 55-inch 4K TV,Televisions,8915.21,409,3.9,Samsung,Gadget Shop,2023-12-03
732,Dell XPS 15,Laptops,33670.85,515,4.7,Dell,Sports Zone,2020-09-22
733,Samsung 55-inch 4K TV,Televisions,75880.64,457,4.8,Samsung,ABC Retailers,2020-08-26
734,Dell XPS 15,Laptops,15442.49,501,4.0,Dell,Sports Zone,2020-07-22
735,Samsung Galaxy M31,Mobile Phones,58743.75,965,3.6,Samsung,Gadget Shop,2021-04-09
736,Dell XPS 15,Laptops,22892.78,657,3.6,Dell,Camera Store,2023-09-24
737,Dell XPS 15,Laptops,69554.79,562,3.2,Dell,Gadget Shop,2022-02-14
738,Samsung 55-inch 4K TV,Televisions,20968.2,711,3.5,Samsung,Audio World,2022-08-26
739,Sony WH-1000XM4,Headphones,132163.67,476,3.1,Sony,XYZ Electronics,2020-10-15
740,Samsung 55-inch 4K TV,Televisions,69747.57,744,3.2,Samsung,Sports Zone,2022-12-09
741,Apple iPhone 13,Mobile Phones,41746.32,812,4.6,Apple,Sports Zone,2022-08-11
742,Adidas Ultraboost,Footwear,148270.96,961,3.9,Adidas,TV World,2023-09-16
743,Nike Air Max 270,Footwear,131063.3,299,4.3,Nike,XYZ Electronics,2023-09-18
744,Sony WH-1000XM4,Headphones,137850.65,222,3.0,Sony,Sports Zone,2023-09-22
745,Adidas Ultraboost,Footwear,8420.31,293,3.9,Adidas,Sports Zone,2020-07-28
746,Dell XPS 15,Laptops,20629.41,233,4.3,Dell,Health Gear,2023-10-07
747,Fitbit Charge 4,Wearable Technology,83046.81,940,3.9,Fitbit,Laptop Hub,2022-12-12
748,Fitbit Charge 4,Wearable Technology,86978.71,723,3.1,Fitbit,Health Gear,2023-05-18
749,Canon EOS 1500D,Cameras,75029.72,711,4.6,Canon,Audio World,2020-03-28
750,Amazon Echo Dot,Smart Home Devices,147062.7,458,3.9,Amazon,Camera Store,2023-06-28
751,Samsung 55-inch 4K TV,Televisions,48265.98,327,3.2,Samsung,Audio World,2022-02-08
752,Apple iPhone 13,Mobile Phones,51505.83,97,3.1,Apple,Laptop Hub,2022-03-19
753,Samsung 55-inch 4K TV,Televisions,2073.82,380,3.3,Samsung,Health Gear,2022-04-27
754,Amazon Echo Dot,Smart Home Devices,71322.68,800,4.8,Amazon,TV World,2023-01-14
755,Samsung 55-inch 4K TV,Televisions,88192.93,359,4.3,Samsung,XYZ Electronics,2023-12-18
756,Sony WH-1000XM4,Headphones,99790.69,467,4.4,Sony,Laptop Hub,2022-01-17
757,Adidas Ultraboost,Footwear,83245.73,79,4.4,Adidas,Sports Zone,2023-09-05
758,Adidas Ultraboost,Footwear,96513.97,800,4.8,Adidas,Audio World,2020-05-24
759,Dell XPS 15,Laptops,83789.17,338,4.3,Dell,TV World,2020-08-06
760,Samsung 55-inch 4K TV,Televisions,121913.37,497,4.3,Samsung,Audio World,2023-08-22
761,Canon EOS 1500D,Cameras,149062.59,296,3.3,Canon,XYZ Electronics,2021-04-07
762,Dell XPS 15,Laptops,79013.94,333,3.8,Dell,Sports Zone,2021-11-02
763,Apple iPhone 13,Mobile Phones,33546.11,980,3.4,Apple,Camera Store,2021-01-02
764,Canon EOS 1500D,Cameras,46656.59,782,4.5,Canon,Gadget Shop,2023-10-03
765,Fitbit Charge 4,Wearable Technology,135998.17,955,3.9,Fitbit,XYZ Electronics,2022-01-09
766,Samsung Galaxy M31,Mobile Phones,140184.22,373,3.5,Samsung,Health Gear,2022-02-24
767,Samsung Galaxy M31,Mobile Phones,138129.92,196,3.1,Samsung,Audio World,2023-02-11
768,Apple iPhone 13,Mobile Phones,50645.55,960,4.0,Apple,TV World,2023-12-12
769,Canon EOS 1500D,Cameras,88984.4,628,3.9,Canon,Audio World,2021-04-21
770,Sony WH-1000XM4,Headphones,99686.18,600,3.6,Sony,Health Gear,2020-02-14
771,Apple iPhone 13,Mobile Phones,3271.31,404,3.9,Apple,Audio World,2023-10-18
772,Canon EOS 1500D,Cameras,23898.23,680,3.2,Canon,XYZ Electronics,2023-10-04
773,Nike Air Max 270,Footwear,101339.4,321,4.0,Nike,Sports Zone,2020-04-22
774,Apple iPhone 13,Mobile Phones,133385.81,637,3.3,Apple,Health Gear,2023-09-24
775,Samsung Galaxy M31,Mobile Phones,45263.7,346,3.5,Samsung,Sports Zone,2022-02-05
776,Samsung 55-inch 4K TV,Televisions,94660.03,959,5.0,Samsung,TV World,2020-10-15
777,Amazon Echo Dot,Smart Home Devices,5174.58,368,3.7,Amazon,TV World,2023-06-21
778,Nike Air Max 270,Footwear,14600.59,885,4.8,Nike,Camera Store,2021-11-08
779,Fitbit Charge 4,Wearable Technology,142396.91,210,4.3,Fitbit,Health Gear,2020-12-13
780,Samsung Galaxy M31,Mobile Phones,108438.55,687,3.0,Samsung,XYZ Electronics,2023-03-25
781,Samsung Galaxy M31,Mobile Phones,147549.67,188,3.2,Samsung,TV World,2021-02-18
782,Fitbit Charge 4,Wearable Technology,23105.8,249,3.3,Fitbit,Sports Zone,2022-10-13
783,Nike Air Max 270,Footwear,51706.46,511,3.5,Nike,Sports Zone,2020-12-19
784,Dell XPS 15,Laptops,45210.41,903,4.3,Dell,Health Gear,2023-06-16
785,Samsung 55-inch 4K TV,Televisions,11674.06,483,4.3,Samsung,Health Gear,2022-11-15
786,Adidas Ultraboost,Footwear,118545.22,66,3.8,Adidas,Health Gear,2021-07-08
787,Samsung 55-inch 4K TV,Televisions,42688.44,133,4.6,Samsung,XYZ Electronics,2021-10-26
788,Samsung Galaxy M31,Mobile Phones,76701.63,668,4.1,Samsung,Sports Zone,2020-09-25
789,Adidas Ultraboost,Footwear,11952.27,630,3.5,Adidas,ABC Retailers,2021-09-07
790,Samsung 55-inch 4K TV,Televisions,71922.08,896,3.5,Samsung,Health Gear,2023-03-08
791,Adidas Ultraboost,Footwear,63046.11,461,4.0,Adidas,Sports Zone,2020-02-15
792,Canon EOS 1500D,Cameras,56428.14,841,5.0,Canon,Laptop Hub,2022-03-12
793,Nike Air Max 270,Footwear,66156.08,271,3.1,Nike,Sports Zone,2023-11-10
794,Samsung 55-inch 4K TV,Televisions,99661.2,181,4.0,Samsung,TV World,2020-02-01
795,Canon EOS 1500D,Cameras,70282.25,182,4.1,Canon,Gadget Shop,2023-03-26
796,Canon EOS 1500D,Cameras,49214.78,422,5.0,Canon,Laptop Hub,2022-02-02
797,Nike Air Max 270,Footwear,48636.14,94,4.2,Nike,Sports Zone,2022-08-17
798,Canon EOS 1500D,Cameras,60794.47,983,4.7,Canon,ABC Retailers,2021-12-04
799,Samsung 55-inch 4K TV,Televisions,71467.18,501,4.0,Samsung,Camera Store,2021-07-23
800,Apple iPhone 13,Mobile Phones,81698.5,507,4.8,Apple,ABC Retailers,2020-04-20
801,Fitbit Charge 4,Wearable Technology,117317.49,123,4.5,Fitbit,Sports Zone,2023-11-11
802,Adidas Ultraboost,Footwear,119623.0,891,4.6,Adidas,Health Gear,2021-11-17
803,Samsung 55-inch 4K TV,Televisions,82525.65,611,3.9,Samsung,Health Gear,2020-05-24
804,Apple iPhone 13,Mobile Phones,134658.11,303,4.3,Apple,TV World,2021-05-09
805,Apple iPhone 13,Mobile Phones,2272.39,743,4.8,Apple,XYZ Electronics,2023-08-18
806,Sony WH-1000XM4,Headphones,96615.36,539,3.6,Sony,Gadget Shop,2022-09-28
807,Samsung 55-inch 4K TV,Televisions,2262.29,183,5.0,Samsung,XYZ Electronics,2020-11-15
808,Samsung 55-inch 4K TV,Televisions,37960.48,328,3.6,Samsung,Camera Store,2022-10-16
809,Fitbit Charge 4,Wearable Technology,75849.62,652,3.8,Fitbit,Sports Zone,2020-04-08
810,Adidas Ultraboost,Footwear,28215.25,882,3.6,Adidas,Sports Zone,2020-05-03
811,Sony WH-1000XM4,Headphones,31676.43,287,3.9,Sony,XYZ Electronics,2022-08-08
812,Nike Air Max 270,Footwear,117095.29,88,3.6,Nike,Audio World,2020-11-18
813,Nike Air Max 270,Footwear,86842.35,268,4.4,Nike,Laptop Hub,2023-06-14
814,Dell XPS 15,Laptops,22710.86,330,4.7,Dell,Camera Store,2021-03-14
815,Samsung Galaxy M31,Mobile Phones,74076.15,559,3.2,Samsung,TV World,2020-03-20
816,Apple iPhone 13,Mobile Phones,70468.26,975,3.3,Apple,Sports Zone,2020-03-20
817,Dell XPS 15,Laptops,66955.69,672,3.5,Dell,ABC Retailers,2020-08-21
818,Nike Air Max 270,Footwear,36971.88,215,4.5,Nike,Laptop Hub,2023-12-25
819,Canon EOS 1500D,Cameras,100872.62,834,4.9,Canon,XYZ Electronics,2020-02-12
820,Adidas Ultraboost,Footwear,77086.56,439,4.8,Adidas,Health Gear,2023-03-16
821,Fitbit Charge 4,Wearable Technology,19628.89,480,4.8,Fitbit,Camera Store,2022-04-17
822,Samsung Galaxy M31,Mobile Phones,33098.89,486,3.2,Samsung,Sports Zone,2022-12-05
823,Samsung 55-inch 4K TV,Televisions,115627.96,168,4.6,Samsung,XYZ Electronics,2020-04-09
824,Samsung 55-inch 4K TV,Televisions,86418.85,203,4.7,Samsung,Sports Zone,2022-06-16
825,Samsung 55-inch 4K TV,Televisions,119821.31,439,3.4,Samsung,XYZ Electronics,2021-05-12
826,Canon EOS 1500D,Cameras,100229.45,199,3.9,Canon,Camera Store,2023-04-22
827,Apple iPhone 13,Mobile Phones,20025.57,820,4.4,Apple,Gadget Shop,2020-02-20
828,Samsung Galaxy M31,Mobile Phones,56595.09,744,3.2,Samsung,Audio World,2021-08-11
829,Sony WH-1000XM4,Headphones,125052.49,418,4.9,Sony,ABC Retailers,2021-06-17
830,Nike Air Max 270,Footwear,22238.16,702,4.0,Nike,Gadget Shop,2021-06-27
831,Fitbit Charge 4,Wearable Technology,142656.32,633,4.6,Fitbit,Gadget Shop,2022-08-16
832,Canon EOS 1500D,Cameras,135648.85,928,3.9,Canon,ABC Retailers,2020-03-05
833,Sony WH-1000XM4,Headphones,11105.07,604,4.6,Sony,Audio World,2022-07-08
834,Samsung Galaxy M31,Mobile Phones,111931.72,555,3.9,Samsung,Sports Zone,2021-10-17
835,Sony WH-1000XM4,Headphones,76840.73,991,4.7,Sony,TV World,2020-09-24
836,Canon EOS 1500D,Cameras,107181.97,127,4.5,Canon,Camera Store,2022-07-08
837,Fitbit Charge 4,Wearable Technology,66586.46,417,3.3,Fitbit,Audio World,2020-10-18
838,Fitbit Charge 4,Wearable Technology,23997.3,877,4.9,Fitbit,Laptop Hub,2023-05-17
839,Samsung Galaxy M31,Mobile Phones,103013.09,454,3.8,Samsung,Gadget Shop,2022-02-26
840,Sony WH-1000XM4,Headphones,63951.94,741,4.2,Sony,Gadget Shop,2020-12-08
841,Fitbit Charge 4,Wearable Technology,42730.12,117,3.9,Fitbit,Camera Store,2023-01-06
842,Dell XPS 15,Laptops,69706.29,609,4.6,Dell,Laptop Hub,2022-06-21
843,Dell XPS 15,Laptops,54678.89,557,4.3,Dell,Sports Zone,2020-09-28
844,Amazon Echo Dot,Smart Home Devices,83015.84,847,4.2,Amazon,Sports Zone,2020-05-18
845,Canon EOS 1500D,Cameras,110537.38,463,4.6,Canon,XYZ Electronics,2022-07-20
846,Samsung Galaxy M31,Mobile Phones,71369.47,582,4.0,Samsung,Gadget Shop,2021-07-10
847,Canon EOS 1500D,Cameras,63151.39,854,4.5,Canon,Laptop Hub,2023-01-18
848,Samsung Galaxy M31,Mobile Phones,109767.49,238,4.9,Samsung,Laptop Hub,2020-11-09
849,Nike Air Max 270,Footwear,7471.5,593,4.8,Nike,Camera Store,2020-07-09
850,Samsung Galaxy M31,Mobile Phones,132851.61,220,4.2,Samsung,XYZ Electronics,2023-09-28
851,Samsung 55-inch 4K TV,Televisions,54361.07,646,4.0,Samsung,Gadget Shop,2022-02-16
852,Samsung 55-inch 4K TV,Televisions,79022.03,310,4.7,Samsung,TV World,2021-01-09
853,Apple iPhone 13,Mobile Phones,45015.65,464,3.1,Apple,Gadget Shop,2023-03-18
854,Fitbit Charge 4,Wearable Technology,73844.68,690,3.2,Fitbit,Sports Zone,2023-03-13
855,Apple iPhone 13,Mobile Phones,139373.83,266,4.8,Apple,Health Gear,2022-04-14
856,Canon EOS 1500D,Cameras,97816.79,96,3.3,Canon,TV World,2022-07-11
857,Amazon Echo Dot,Smart Home Devices,109643.82,746,3.1,Amazon,XYZ Electronics,2022-03-17
858,Samsung 55-inch 4K TV,Televisions,51680.32,457,4.1,Samsung,ABC Retailers,2023-01-07
859,Nike Air Max 270,Footwear,33988.31,235,4.3,Nike,Gadget Shop,2022-11-06
860,Nike Air Max 270,Footwear,110903.35,615,3.0,Nike,Gadget Shop,2021-04-23
861,Canon EOS 1500D,Cameras,70624.64,991,4.9,Canon,ABC Retailers,2023-05-11
862,Fitbit Charge 4,Wearable Technology,86029.62,459,4.6,Fitbit,Laptop Hub,2022-07-25
863,Nike Air Max 270,Footwear,103760.7,432,3.6,Nike,Sports Zone,2020-12-26
864,Samsung Galaxy M31,Mobile Phones,2552.5,191,4.5,Samsung,Sports Zone,2020-09-28
865,Dell XPS 15,Laptops,20459.25,830,4.1,Dell,Gadget Shop,2020-03-09
866,Amazon Echo Dot,Smart Home Devices,146686.03,592,3.4,Amazon,Sports Zone,2023-07-11
867,Adidas Ultraboost,Footwear,125506.9,393,3.5,Adidas,Laptop Hub,2022-07-22
868,Apple iPhone 13,Mobile Phones,34752.18,538,4.2,Apple,Gadget Shop,2022-02-03
869,Canon EOS 1500D,Cameras,114910.78,220,3.5,Canon,Health Gear,2023-03-17
870,Nike Air Max 270,Footwear,14870.21,71,4.0,Nike,Audio World,2020-09-09
871,Fitbit Charge 4,Wearable Technology,97333.36,314,4.4,Fitbit,TV World,2021-12-22
872,Samsung 55-inch 4K TV,Televisions,89590.08,103,3.5,Samsung,Laptop Hub,2022-09-01
873,Canon EOS 1500D,Cameras,23598.95,581,3.9,Canon,Camera Store,2022-12-17
874,Apple iPhone 13,Mobile Phones,137854.2,971,4.7,Apple,TV World,2020-02-26
875,Samsung Galaxy M31,Mobile Phones,68267.89,547,3.2,Samsung,ABC Retailers,2023-06-20
876,Sony WH-1000XM4,Headphones,81650.27,765,3.1,Sony,Health Gear,2023-09-08
877,Nike Air Max 270,Footwear,95043.41,744,3.5,Nike,Audio World,2022-08-18
878,Fitbit Charge 4,Wearable Technology,1940.6,235,4.4,Fitbit,Audio World,2021-11-26
879,Dell XPS 15,Laptops,63676.28,869,4.0,Dell,Laptop Hub,2023-12-18
880,Dell XPS 15,Laptops,39913.17,482,3.5,Dell,Audio World,2023-09-24
881,Amazon Echo Dot,Smart Home Devices,120708.64,660,4.7,Amazon,Sports Zone,2020-08-22
882,Samsung 55-inch 4K TV,Televisions,115293.56,186,4.3,Samsung,Laptop Hub,2021-08-24
883,Canon EOS 1500D,Cameras,99273.78,53,4.7,Canon,Health Gear,2021-05-07
884,Adidas Ultraboost,Footwear,12886.5,361,3.8,Adidas,XYZ Electronics,2023-06-03
885,Fitbit Charge 4,Wearable Technology,133249.19,481,3.8,Fitbit,Sports Zone,2020-03-13
886,Nike Air Max 270,Footwear,90470.85,550,4.2,Nike,Laptop Hub,2020-11-16
887,Dell XPS 15,Laptops,25235.45,667,3.1,Dell,Camera Store,2020-06-03
888,Dell XPS 15,Laptops,82425.02,77,3.9,Dell,Audio World,2021-05-24
889,Sony WH-1000XM4,Headphones,62992.99,694,3.2,Sony,Audio World,2021-02-02
890,Samsung 55-inch 4K TV,Televisions,73453.71,244,3.6,Samsung,Sports Zone,2021-06-22
891,Fitbit Charge 4,Wearable Technology,43692.72,919,3.5,Fitbit,Sports Zone,2022-05-24
892,Canon EOS 1500D,Cameras,149867.78,737,4.6,Canon,Sports Zone,2022-04-13
893,Samsung Galaxy M31,Mobile Phones,97217.96,196,4.2,Samsung,Health Gear,2020-01-28
894,Adidas Ultraboost,Footwear,81783.93,308,4.6,Adidas,Sports Zone,2023-01-07
895,Sony WH-1000XM4,Headphones,10830.51,638,3.2,Sony,Camera Store,2023-09-09
896,Samsung 55-inch 4K TV,Televisions,128932.09,208,3.5,Samsung,XYZ Electronics,2022-01-26
897,Sony WH-1000XM4,Headphones,16713.87,92,3.2,Sony,ABC Retailers,2021-12-22
898,Amazon Echo Dot,Smart Home Devices,24781.72,833,4.9,Amazon,Sports Zone,2022-10-05
899,Sony WH-1000XM4,Headphones,141015.48,482,4.0,Sony,Audio World,2021-11-01
900,Sony WH-1000XM4,Headphones,89181.24,501,4.6,Sony,XYZ Electronics,2021-03-19
901,Apple iPhone 13,Mobile Phones,33351.8,971,4.5,Apple,ABC Retailers,2021-02-03
902,Sony WH-1000XM4,Headphones,75887.84,429,3.6,Sony,Health Gear,2023-04-11
903,Nike Air Max 270,Footwear,111534.78,180,4.2,Nike,Health Gear,2023-06-18
904,Dell XPS 15,Laptops,98125.78,970,3.8,Dell,Laptop Hub,2021-07-27
905,Sony WH-1000XM4,Headphones,63427.89,588,4.3,Sony,Gadget Shop,2020-03-02
906,Apple iPhone 13,Mobile Phones,27140.23,158,3.3,Apple,Sports Zone,2023-11-23
907,Dell XPS 15,Laptops,7609.52,716,3.8,Dell,Sports Zone,2023-04-16
908,Samsung Galaxy M31,Mobile Phones,111243.66,593,4.9,Samsung,Sports Zone,2021-02-05
909,Fitbit Charge 4,Wearable Technology,123209.21,309,4.1,Fitbit,TV World,2023-09-05
910,Adidas Ultraboost,Footwear,65049.74,320,4.8,Adidas,Health Gear,2023-01-05
911,Apple iPhone 13,Mobile Phones,40785.01,236,3.7,Apple,ABC Retailers,2020-12-22
912,Apple iPhone 13,Mobile Phones,95966.14,928,4.7,Apple,Audio World,2023-02-11
913,Samsung 55-inch 4K TV,Televisions,5859.96,978,3.7,Samsung,Sports Zone,2020-07-22
914,Apple iPhone 13,Mobile Phones,85734.52,64,4.6,Apple,Sports Zone,2020-06-07
915,Sony WH-1000XM4,Headphones,111872.43,641,4.9,Sony,Gadget Shop,2022-12-12
916,Samsung Galaxy M31,Mobile Phones,139193.61,169,4.7,Samsung,Gadget Shop,2023-12-07
917,Canon EOS 1500D,Cameras,102992.61,343,4.3,Canon,Laptop Hub,2021-07-11
918,Samsung Galaxy M31,Mobile Phones,63181.95,959,4.2,Samsung,Sports Zone,2022-08-25
919,Adidas Ultraboost,Footwear,118846.21,108,4.9,Adidas,Health Gear,2020-04-07
920,Fitbit Charge 4,Wearable Technology,68821.82,921,4.9,Fitbit,Camera Store,2022-05-06
921,Samsung Galaxy M31,Mobile Phones,85655.13,139,3.5,Samsung,Sports Zone,2020-09-14
922,Dell XPS 15,Laptops,38793.86,55,3.5,Dell,Laptop Hub,2021-09-06
923,Nike Air Max 270,Footwear,19507.03,372,4.0,Nike,XYZ Electronics,2022-06-28
924,Samsung 55-inch 4K TV,Televisions,110571.04,697,3.7,Samsung,Audio World,2023-02-23
925,Dell XPS 15,Laptops,8116.32,351,4.1,Dell,Sports Zone,2022-03-12
926,Nike Air Max 270,Footwear,67389.33,866,4.9,Nike,Sports Zone,2020-06-19
927,Samsung Galaxy M31,Mobile Phones,80512.73,240,4.7,Samsung,Laptop Hub,2022-10-03
928,Samsung Galaxy M31,Mobile Phones,133121.78,688,3.3,Samsung,Audio World,2020-12-21
929,Samsung Galaxy M31,Mobile Phones,59951.87,277,3.9,Samsung,ABC Retailers,2020-08-22
930,Canon EOS 1500D,Cameras,6350.46,954,4.3,Canon,ABC Retailers,2023-01-21
931,Nike Air Max 270,Footwear,117890.45,731,4.5,Nike,Health Gear,2022-02-10
932,Adidas Ultraboost,Footwear,17435.52,245,3.6,Adidas,XYZ Electronics,2020-07-25
933,Adidas Ultraboost,Footwear,137008.65,985,3.9,Adidas,Laptop Hub,2021-01-28
934,Adidas Ultraboost,Footwear,100642.51,588,3.4,Adidas,Camera Store,2023-06-19
935,Apple iPhone 13,Mobile Phones,109596.82,187,3.5,Apple,ABC Retailers,2020-01-06
936,Amazon Echo Dot,Smart Home Devices,133173.6,333,4.7,Amazon,XYZ Electronics,2021-08-03
937,Dell XPS 15,Laptops,3710.81,507,3.6,Dell,Audio World,2020-02-22
938,Canon EOS 1500D,Cameras,105581.72,297,4.2,Canon,Sports Zone,2020-03-21
939,Adidas Ultraboost,Footwear,13729.86,294,4.4,Adidas,Laptop Hub,2021-03-20
940,Fitbit Charge 4,Wearable Technology,43999.35,819,3.7,Fitbit,Sports Zone,2021-03-19
941,Sony WH-1000XM4,Headphones,143687.6,717,4.1,Sony,Sports Zone,2023-10-08
942,Amazon Echo Dot,Smart Home Devices,104138.62,508,4.6,Amazon,XYZ Electronics,2020-10-15
943,Samsung 55-inch 4K TV,Televisions,124729.62,686,4.1,Samsung,Camera Store,2022-11-21
944,Adidas Ultraboost,Footwear,137105.95,282,3.1,Adidas,ABC Retailers,2022-01-20
945,Amazon Echo Dot,Smart Home Devices,70577.14,251,3.3,Amazon,ABC Retailers,2020-02-22
946,Apple iPhone 13,Mobile Phones,70998.04,232,5.0,Apple,TV World,2022-11-10
947,Canon EOS 1500D,Cameras,85832.45,148,5.0,Canon,Audio World,2021-03-25
948,Dell XPS 15,Laptops,58978.09,852,3.9,Dell,XYZ Electronics,2021-05-21
949,Amazon Echo Dot,Smart Home Devices,99191.01,759,3.1,Amazon,Sports Zone,2023-03-27
950,Samsung 55-inch 4K TV,Televisions,10637.19,359,4.6,Samsung,XYZ Electronics,2020-04-23
951,Adidas Ultraboost,Footwear,102511.97,184,3.4,Adidas,Health Gear,2023-02-19
952,Samsung Galaxy M31,Mobile Phones,59015.32,398,4.7,Samsung,Gadget Shop,2020-10-05
953,Samsung 55-inch 4K TV,Televisions,33897.65,503,3.6,Samsung,ABC Retailers,2021-04-11
954,Samsung Galaxy M31,Mobile Phones,30505.95,694,4.1,Samsung,Sports Zone,2022-03-28
955,Amazon Echo Dot,Smart Home Devices,52651.51,987,3.2,Amazon,XYZ Electronics,2022-03-17
956,Adidas Ultraboost,Footwear,44384.15,635,4.1,Adidas,Health Gear,2022-04-08
957,Sony WH-1000XM4,Headphones,27674.55,110,3.2,Sony,ABC Retailers,2021-12-05
958,Nike Air Max 270,Footwear,114448.75,733,4.5,Nike,Sports Zone,2023-05-15
959,Samsung Galaxy M31,Mobile Phones,3806.02,516,3.9,Samsung,ABC Retailers,2023-09-13
960,Dell XPS 15,Laptops,7855.13,178,3.3,Dell,Sports Zone,2020-03-28
961,Apple iPhone 13,Mobile Phones,48613.23,223,3.4,Apple,ABC Retailers,2022-06-20
962,Canon EOS 1500D,Cameras,45929.88,323,3.2,Canon,Gadget Shop,2023-03-28
963,Apple iPhone 13,Mobile Phones,94676.31,575,3.5,Apple,Gadget Shop,2022-01-05
964,Samsung 55-inch 4K TV,Televisions,14567.0,494,3.4,Samsung,XYZ Electronics,2023-03-04
965,Samsung Galaxy M31,Mobile Phones,6857.07,761,4.4,Samsung,Sports Zone,2023-07-09
966,Sony WH-1000XM4,Headphones,74467.75,885,4.0,Sony,Health Gear,2020-05-18
967,Nike Air Max 270,Footwear,94043.65,955,4.7,Nike,Audio World,2020-05-15
968,Sony WH-1000XM4,Headphones,70335.86,514,5.0,Sony,Sports Zone,2023-11-18
969,Samsung 55-inch 4K TV,Televisions,31567.84,59,3.4,Samsung,Sports Zone,2022-11-22
970,Nike Air Max 270,Footwear,130743.81,625,4.9,Nike,XYZ Electronics,2023-02-21
971,Apple iPhone 13,Mobile Phones,27774.55,533,3.5,Apple,Laptop Hub,2022-10-15
972,Amazon Echo Dot,Smart Home Devices,97397.88,460,3.8,Amazon,Sports Zone,2023-12-09
973,Samsung Galaxy M31,Mobile Phones,93205.58,390,3.8,Samsung,TV World,2023-08-02
974,Amazon Echo Dot,Smart Home Devices,106082.1,435,3.4,Amazon,TV World,2021-01-15
975,Nike Air Max 270,Footwear,8706.45,565,3.5,Nike,ABC Retailers,2020-02-08
976,Adidas Ultraboost,Footwear,116856.81,992,3.4,Adidas,Sports Zone,2020-06-11
977,Canon EOS 1500D,Cameras,1899.94,260,3.2,Canon,Gadget Shop,2023-08-26
978,Samsung Galaxy M31,Mobile Phones,77486.63,117,4.9,Samsung,Gadget Shop,2021-05-01
979,Dell XPS 15,Laptops,98884.41,667,4.6,Dell,Audio World,2021-12-07
980,Apple iPhone 13,Mobile Phones,96791.11,245,3.7,Apple,Sports Zone,2020-02-12
981,Apple iPhone 13,Mobile Phones,131584.04,113,3.1,Apple,Sports Zone,2021-09-09
982,Nike Air Max 270,Footwear,86344.31,358,4.4,Nike,Laptop Hub,2020-05-23
983,Canon EOS 1500D,Cameras,70851.32,327,3.5,Canon,Laptop Hub,2022-01-21
984,Apple iPhone 13,Mobile Phones,122535.6,211,3.2,Apple,Camera Store,2022-06-05
985,Samsung Galaxy M31,Mobile Phones,31044.64,802,4.1,Samsung,Sports Zone,2020-09-22
986,Amazon Echo Dot,Smart Home Devices,13215.43,214,4.3,Amazon,Sports Zone,2021-02-04
987,Sony WH-1000XM4,Headphones,18226.89,549,4.1,Sony,ABC Retailers,2023-05-22
988,Apple iPhone 13,Mobile Phones,61223.07,606,3.1,Apple,XYZ Electronics,2020-01-25
989,Samsung Galaxy M31,Mobile Phones,65703.9,840,4.4,Samsung,XYZ Electronics,2021-04-16
990,Amazon Echo Dot,Smart Home Devices,52853.01,621,4.2,Amazon,ABC Retailers,2020-06-27
991,Canon EOS 1500D,Cameras,122239.72,452,4.9,Canon,ABC Retailers,2023-10-17
992,Samsung Galaxy M31,Mobile Phones,143283.26,999,3.6,Samsung,Laptop Hub,2022-04-07
993,Canon EOS 1500D,Cameras,139996.18,95,4.5,Canon,XYZ Electronics,2022-08-15
994,Amazon Echo Dot,Smart Home Devices,81887.5,335,4.3,Amazon,Health Gear,2023-09-08
995,Fitbit Charge 4,Wearable Technology,95961.47,213,4.6,Fitbit,Sports Zone,2023-07-25
996,Amazon Echo Dot,Smart Home Devices,4120.11,780,3.4,Amazon,Gadget Shop,2023-08-25
997,Apple iPhone 13,Mobile Phones,80843.84,568,3.8,Apple,Health Gear,2021-02-24
998,Adidas Ultraboost,Footwear,144135.34,587,4.5,Adidas,Audio World,2023-09-01
999,Samsung 55-inch 4K TV,Televisions,60214.44,72,3.0,Samsung,XYZ Electronics,2023-06-19
1000,Canon EOS 1500D,Cameras,30695.26,674,4.2,Canon,XYZ Electronics,2022-07-10
